,id,Kitap Adý,brand,category,list,position,Fiyat,dimension4,Yayýnevi,Yazarýn Adý,dimension18,dimension19,dimension21,dimension22
0,0001899803001,Yarýnsýz Yarýn,,/kitap/yarinsiz-yarin/nazan-oncel/edebiyat/roman/turkiye-roman/urunno=0001899803001,,1,37.4,1272039,Everest Yayýnlarý,Nazan Öncel,1,Ýnce Kapak,7,Türkçe
1,0001922926001,Gece Yarýsý Kütüphanesi,,/kitap/gece-yarisi-kutuphanesi/edebiyat/roman/dunya-roman/urunno=0001922926001,,2,68.6,1317135,Domingo Yayýnevi,Matt Haig,1,Ýnce Kapak,7,Türkçe
2,0002018139001,Ýyileþmek,,/kitap/iyilesmek/caner-yaman/edebiyat/deneme-yazin/urunno=0002018139001,,3,39.6,1503706,Ýndigo Kitap,Caner Yaman,1,Ýnce Kapak,9,Türkçe
3,0000000414799,Ýnsan Neyle Yaþar? - Hasan Ali Yücel Klasikleri,,/kitap/ýnsan-neyle-yasar-hasan-ali-yucel-klasikleri/edebiyat/roman/dunya-klasik/urunno=0000000414799,,4,13.2,416360,Ýþ Bankasý Kültür Yayýnlarý,Lev Nikolayeviç Tolstoy,1,Ýnce Kapak,8,Türkçe
4,0000000052460,Kuyucaklý Yusuf,,/kitap/kuyucakli-yusuf/edebiyat/roman/turkiye-roman/urunno=0000000052460,,5,15.0,362802,Yapý Kredi Yayýnlarý,Sabahattin Ali,1,Ýnce Kapak,8,Türkçe
5,0001988043001,Aþka Özür Diletmem,,/kitap/aska-ozur-diletmem/edebiyat/roman/turkiye-roman/urunno=0001988043001,,6,34.6,1443974,Ýnkýlap Kitabevi,Dilek Görmez,1,Ýnce Kapak,8,Türkçe
6,0000000058245,Kürk Mantolu Madonna,,/kitap/kurk-mantolu-madonna/edebiyat/roman/turkiye-roman/urunno=0000000058245,,7,13.2,365688,Yapý Kredi Yayýnlarý,Sabahattin Ali,1,Ýnce Kapak,8,Türkçe
7,0000000550626,Masumiyet Müzesi,,/kitap/masumiyet-muzesi/edebiyat/roman/turkiye-roman/urunno=0000000550626,,8,81.0,299935,Yapý Kredi Yayýnlarý,Orhan Pamuk,1,Ýnce Kapak,8,Türkçe
8,0000000064031,Þeker Portakalý,,/kitap/seker-portakali/edebiyat/roman/dunya-roman/urunno=0000000064031,,9,51.0,389411,Can Yayýnlarý,Jose Mauro De Vasconcelos,1,Ýnce Kapak,8,Türkçe
9,0001988402001,Bilinmeyen Bir Kadýnýn Mektubu - Modern Klasikler Dizisi 22,,/kitap/bilinmeyen-bir-kadinin-mektubu-modern-klasikler-dizisi-22/stefan-zweig/edebiyat/roman/dunya-roman/urunno=0001988402001,,10,12.0,1444750,Ýþ Bankasý Kültür Yayýnlarý,Stefan Zweig,1,Ýnce Kapak,10,Türkçe
10,0002003373001,Bir Aþk Masalý,,/kitap/bir-ask-masali/edebiyat/roman/turkiye-roman/urunno=0002003373001,,11,36.0,1473777,Yapý Kredi Yayýnlarý,Ahmet Ümit,1,Ýnce Kapak,6,Türkçe
11,0000000105409,Hayvan Çiftliði,,/kitap/hayvan-ciftligi/george-orwell/edebiyat/roman/dunya-roman/urunno=0000000105409,,12,21.8,360835,Can Yayýnlarý,George Orwell,1,Ýnce Kapak,8,Türkçe
12,0000000567743,Bir Ýdam Mahkumunun Son Günü - Hasan Ali Yücel Klasikleri,,/kitap/bir-ýdam-mahkumunun-son-gunu-hasan-ali-yucel-klasikleri/edebiyat/roman/dunya-klasik/urunno=0000000567743,,13,14.4,437324,Ýþ Bankasý Kültür Yayýnlarý,Victor Hugo,1,Ýnce Kapak,8,Türkçe
13,0002031222001,Ben Her Þeyim Benim Adým Kadýn,,/kitap/ben-her-seyim-benim-adim-kadin/deniz-erkin-purut/edebiyat/roman/turkiye-roman/urunno=0002031222001,,14,43.5,1528272,Olimpos Yayýnlarý,Deniz Erkin Purut,1,Ýnce Kapak,9,Türkçe
14,0001974837001,Ýnsanlýðýmý Yitirirken,,/kitap/insanligimi-yitirirken/edebiyat/roman/dunya-roman/urunno=0001974837001,,15,22.8,1418395,Ýthaki Yayýnlarý,Osamu Dazai,1,Ýnce Kapak,9,Türkçe
15,0000000608697,Martin Eden,,/kitap/martin-eden-modern-klasikler-38/jack-london/edebiyat/roman/dunya-klasik/urunno=0000000608697,,16,38.4,456486,Ýþ Bankasý Kültür Yayýnlarý,Jack London,1,Ýnce Kapak,8,Türkçe
16,0000000064038,1984,,/kitap/1984/edebiyat/roman/dunya-roman/urunno=0000000064038,,17,37.4,389414,Can Yayýnlarý,George Orwell,1,Ýnce Kapak,8,Türkçe
17,0001784820001,Beyaz Zambaklar Ülkesinde,,/kitap/beyaz-zambaklar-ulkesinde/edebiyat/roman/dunya-klasik/urunno=0001784820001,,18,19.2,997441,Ýndigo Kitap,Grigory Petrov,1,Ýnce Kapak,7,Türkçe
18,0002023485001,Kader Gayrete Aþýktýr,,/kitap/kader-gayrete-asiktir/ethem-emin-nemutlu/edebiyat/roman/turkiye-roman/urunno=0002023485001,,19,45.5,1514351,Olimpos Yayýnlarý,Ethem Emin Nemutlu,1,Ýnce Kapak,2,Türkçe
19,0000000411500,Fareler ve Ýnsanlar,,/kitap/fareler-ve-ýnsanlar/edebiyat/roman/dunya-klasik/urunno=0000000411500,,20,45.5,412106,Sel Yayýncýlýk,John Steinbeck,1,Ýnce Kapak,8,Türkçe
20,0000000690250,Yaþamak,,/kitap/yasamak/edebiyat/roman/dunya-roman/urunno=0000000690250,,21,44.2,534550,Jaguar Kitap,Yu Hua,1,Ýnce Kapak,8,Türkçe
21,0002025433002,Ötanazi Okulu 3,,/kitap/otanazi-okulu-3/maral-atmaca/edebiyat/roman/turkiye-roman/urunno=0002025433002,,22,89.4,1518752,Ephesus Yayýnlarý,Maral Atmaca,1,Ciltli,0,Türkçe
22,0000000147918,Ýnce Memed 1,,/kitap/ýnce-memed-1/edebiyat/roman/turkiye-roman/urunno=0000000147918,,23,55.2,374291,Yapý Kredi Yayýnlarý,Yaþar Kemal,1,Ýnce Kapak,8,Türkçe
23,0000000064552,Simyacý,,/kitap/simyaci/edebiyat/roman/dunya-roman/urunno=0000000064552,,24,52.4,389623,Can Yayýnlarý,Paulo Coelho,1,Ýnce Kapak,8,Türkçe
24,0000000222780,Suç ve Ceza - Hasan Ali Yücel Klasikleri,,/kitap/suc-ve-ceza-hasan-ali-yucel-klasikleri/edebiyat/roman/dunya-klasik/urunno=0000000222780,,25,48.0,376246,Ýþ Bankasý Kültür Yayýnlarý,Fyodor Mihayloviç Dostoyevski,1,Ýnce Kapak,7,Türkçe
25,0000000061419,Yaban,,/kitap/yaban/edebiyat/roman/turk-klasik/urunno=0000000061419,,26,57.6,363236,Ýletiþim Yayýnlarý,Yakup Kadri Karaosmanoðlu,1,Ýnce Kapak,8,Türkçe
26,0000000205638,Oblomov - Hasan Ali Yücel Klasikleri,,/kitap/oblomov-hasan-ali-yucel-klasikleri/edebiyat/roman/dunya-klasik/urunno=0000000205638,,27,46.8,397035,Ýþ Bankasý Kültür Yayýnlarý,Ývan Aleksandroviç Gonçarov,1,Ýnce Kapak,8,Türkçe
27,0000000061424,Tutunamayanlar - Bütün Eserleri - 1,,/kitap/tutunamayanlar-butun-eserleri-1/oguz-atay/edebiyat/roman/turkiye-roman/urunno=0000000061424,,28,125.3,365953,Ýletiþim Yayýnlarý,Oðuz Atay,1,Ýnce Kapak,8,Türkçe
28,0001849381001,Seyir,,/kitap/seyir/edebiyat/roman/turkiye-roman/urunno=0001849381001,,29,74.8,1172382,Mona,Piraye,1,Ýnce Kapak,6,Türkçe
29,0000000374848,Anna Karenina - Hasan Ali Yücel Klasikleri,,/kitap/anna-karenina-hasan-ali-yucel-klasikleri/edebiyat/roman/dunya-klasik/urunno=0000000374848,,30,60.0,380655,Ýþ Bankasý Kültür Yayýnlarý,Lev Nikolayeviç Tolstoy,1,Ýnce Kapak,7,Türkçe
30,0000000671636,Olaðanüstü Bir Gece,,/kitap/olaganustu-bir-gece-modern-klasikler-66/stefan-zweig/edebiyat/roman/dunya-roman/urunno=0000000671636,,31,12.0,517359,Ýþ Bankasý Kültür Yayýnlarý,Stefan Zweig,1,Ýnce Kapak,7,Türkçe
31,0000000058246,Ýçimizdeki Þeytan,,/kitap/ýcimizdeki-seytan/edebiyat/roman/turkiye-roman/urunno=0000000058246,,32,15.6,360724,Yapý Kredi Yayýnlarý,Sabahattin Ali,1,Ýnce Kapak,8,Türkçe
32,0000000059213,Doðu Ekspresi'nde Cinayet,,/kitap/dogu-ekspresinde-cinayet/edebiyat/roman/polisiye/urunno=0000000059213,,33,57.2,363187,Altýn Kitaplar,Agatha Christie,1,Ýnce Kapak,8,Türkçe
33,0000000105599,Harry Potter ve Felsefe Taþý - 1.Kitap,,/kitap/harry-potter-ve-felsefe-tasi-1kitap/j-k-rowling/cocuk-ve-genclik/genclik-10-yas/fantastik-bilim-kurgu/urunno=0000000105599,,34,45.0,360852,Yapý Kredi Yayýnlarý,J. K. Rowling,1,Ýnce Kapak,8,Türkçe
34,0002026395001,Beklenmedik Koþullar,,/kitap/beklenmedik-kosullar/lauren-asher/edebiyat/roman/romantik/urunno=0002026395001,,35,66.7,1520048,Olimpos Yayýnlarý,Lauren Asher,1,Ýnce Kapak,10,Türkçe
35,0002023170001,Uyumsuz Defne Kaman'ýn Maceralarý - Ateþ,,/kitap/uyumsuz-defne-kamanin-maceralari-ates/buket-uzuner/edebiyat/roman/turkiye-roman/urunno=0002023170001,,36,85.0,1513684,Everest Yayýnlarý,Buket Uzuner,1,Ýnce Kapak,9,Türkçe
36,0001975756001,Enkaz Altýndakiler,,/kitap/enkaz-altindakiler/beyza-alkoc/edebiyat/roman/turkiye-roman/urunno=0001975756001,,37,66.0,1420072,Ýndigo Kitap,Beyza Alkoç,1,Ýnce Kapak,7,Türkçe
37,0001704045001,Körlük,,/kitap/korluk/edebiyat/roman/dunya-roman/urunno=0001704045001,,38,96.6,858363,Kýrmýzý Kedi,Jose Saramago,1,Ýnce Kapak,8,Türkçe
38,0000000402142,Satranç,,/kitap/satranc/edebiyat/roman/dunya-roman/urunno=0000000402142,,39,12.0,338520,Ýþ Bankasý Kültür Yayýnlarý,Stefan Zweig,1,Ýnce Kapak,8,Türkçe
39,0000000061058,Dokuzuncu Hariciye Koðuþu,,/kitap/dokuzuncu-hariciye-kogusu/edebiyat/roman/turk-klasik/urunno=0000000061058,,40,28.7,362036,Ötüken Neþriyat,Peyami Safa,1,Ýnce Kapak,8,Türkçe
40,0000000068229,Sana Gül Bahçesi Vadetmedim,,/kitap/sana-gul-bahcesi-vadetmedim/edebiyat/roman/dunya-roman/urunno=0000000068229,,41,81.8,439597,Metis Yayýnlarý,Joanne Greenberg,1,Ýnce Kapak,6,
41,0000000561966,Dönüþüm,,/kitap/donusum/edebiyat/roman/dunya-roman/urunno=0000000561966,,42,12.0,343625,Ýþ Bankasý Kültür Yayýnlarý,Franz Kafka,1,Ýnce Kapak,7,Türkçe
42,0002016030001,Daire 7,,/kitap/daire-7/beyza-alkoc/edebiyat/roman/turkiye-roman/urunno=0002016030001,,43,66.0,1499539,Ýndigo Kitap,Beyza Alkoç,1,Ýnce Kapak,9,Türkçe
43,0000000276912,Yeraltýndan Notlar - Hasan Ali Yücel Klasikleri,,/kitap/yeraltindan-notlar-hasan-ali-yucel-klasikleri/edebiyat/roman/dunya-klasik/urunno=0000000276912,,44,16.8,337906,Ýþ Bankasý Kültür Yayýnlarý,Fyodor Mihayloviç Dostoyevski,1,Ýnce Kapak,7,Türkçe
44,0000000064829,Veronika Ölmek Ýstiyor,,/kitap/veronika-olmek-ýstiyor/edebiyat/roman/dunya-roman/urunno=0000000064829,,45,54.4,393136,Can Yayýnlarý,Paulo Coelho,1,Ýnce Kapak,8,Türkçe
45,0001975586001,Fýndýkçý Þahap,,/kitap/findikci-sahap/okan-ocal/edebiyat/roman/turkiye-roman/urunno=0001975586001,,1,28.6,1419727,Ýkinci Adam Yayýnlarý,Okan Öcal,1,Ýnce Kapak,0,Türkçe
46,0001911928001,Bir Kedi - Bir Adam - Bir Ölüm,,/kitap/bir-kedi-bir-adam-bir-olum/zulfu-livaneli/edebiyat/roman/turkiye-roman/urunno=0001911928001,,2,45.5,1296804,Ýnkýlap Kitabevi,Zülfü Livaneli,1,Ýnce Kapak,4,Türkçe
47,0001921956001,Balýkçý ve Oðlu,,/kitap/balikci-ve-oglu/zulfu-livaneli/edebiyat/roman/turkiye-roman/urunno=0001921956001,,3,37.8,1315789,Ýnkýlap Kitabevi,Zülfü Livaneli,1,Ýnce Kapak,7,Türkçe
48,0001926898001,Leyla'nýn Evi,,/kitap/leylanin-evi/zulfu-livaneli/edebiyat/roman/turkiye-roman/urunno=0001926898001,,4,49.0,1325189,Ýnkýlap Kitabevi,Zülfü Livaneli,1,Ýnce Kapak,6,Türkçe
49,0000000107800,Sineklerin Tanrýsý,,/kitap/sineklerin-tanrisi/edebiyat/roman/dunya-roman/urunno=0000000107800,,5,32.4,362228,Ýþ Bankasý Kültür Yayýnlarý,William Golding,1,Ýnce Kapak,7,Türkçe
50,0001848625001,Yere Yakýn Yýldýzlara Uzak,,/kitap/yere-yakin-yildizlara-uzak/emine-tavuz/edebiyat/roman/turkiye-roman/urunno=0001848625001,,6,61.1,1171041,Epsilon Yayýnevi,Emine Tavuz,1,Ýnce Kapak,6,Türkçe
51,0002011675001,Kýrmýzý Pelerin,,/kitap/kirmizi-pelerin/edebiyat/roman/turkiye-roman/urunno=0002011675001,,7,96.9,1490894,Doðan Kitap,Gülseren Budayýcýoðlu,1,Ýnce Kapak,7,Türkçe
52,0001914462001,No.26,,/kitap/no26/beyza-alkoc/edebiyat/roman/turkiye-roman/urunno=0001914462001,,8,66.0,1301947,Ýndigo Kitap,Beyza Alkoç,1,Ýnce Kapak,8,Türkçe
53,0002032017001,Bizimle Baþladý,,/kitap/bizimle-basladi/colleen-hoover/edebiyat/roman/romantik/urunno=0002032017001,,9,74.9,1530050,Epsilon Yayýnevi,Colleen Hoover,1,Ýnce Kapak,0,Türkçe
54,0001953510001,Sokak Nöbetçileri 2,,/kitap/sokak-nobetcileri-2/asli-arslan/edebiyat/roman/turkiye-roman/urunno=0001953510001,,10,90.0,1378551,Ýndigo Kitap,Aslý Arslan,1,Ýnce Kapak,7,Türkçe
55,0000000638117,Algernon'a Çiçekler,,/kitap/algernona-cicekler/edebiyat/roman/dunya-roman/urunno=0000000638117,,11,52.5,488902,Koridor Yayýncýlýk,Daniel Keyes,1,Ýnce Kapak,7,Türkçe
56,0000000058117,Çavdar Tarlasýnda Çocuklar,,/kitap/cavdar-tarlasinda-cocuklar/edebiyat/roman/dunya-roman/urunno=0000000058117,,12,27.0,365680,Yapý Kredi Yayýnlarý,Jerome David Salinger,1,Ýnce Kapak,7,Türkçe
57,0000000064464,Yabancý,,/kitap/yabanci/edebiyat/roman/dunya-roman/urunno=0000000064464,,13,37.4,389587,Can Yayýnlarý,Albert Camus,1,Ýnce Kapak,8,Türkçe
58,0002002540001,Küçük Detaylar,,/kitap/kucuk-detaylar/lauren-asher/edebiyat/roman/romantik/urunno=0002002540001,,14,66.7,1473003,Olimpos Yayýnlarý,Lauren Asher,1,Ýnce Kapak,10,Türkçe
59,0001783290001,Dorian Gray'in Portresi,,/kitap/dorian-grayin-portresi/edebiyat/roman/dunya-klasik/urunno=0001783290001,,15,24.0,993741,Ýþ Bankasý Kültür Yayýnlarý,Oscar Wilde,1,Ýnce Kapak,8,
60,0001908188001,Sokak Nöbetçileri,,/kitap/sokak-nobetcileri/asli-arslan/edebiyat/roman/turkiye-roman/urunno=0001908188001,,16,90.0,1289114,Ýndigo Kitap,Aslý Arslan,1,Ýnce Kapak,8,Türkçe
61,0000000061857,Puslu Kýtalar Atlasý,,/kitap/puslu-kitalar-atlasi/ýhsan-oktay-anar/edebiyat/roman/turkiye-roman/urunno=0000000061857,,17,69.2,363251,Ýletiþim Yayýnlarý,Ýhsan Oktay Anar,1,Ýnce Kapak,7,Türkçe
62,0000000640089,Bir Kadýnýn Yaþamýndan Yirmi Dört Saat,,/kitap/bir-kadinin-yasamindan-yirmi-dort-saat/stefan-zweig/edebiyat/roman/dunya-roman/urunno=0000000640089,,18,12.0,489562,Ýþ Bankasý Kültür Yayýnlarý,Stefan Zweig,1,Ýnce Kapak,7,Türkçe
63,0002027361001,Uçurtma,,/kitap/ucurtma/laetitia-colombani/edebiyat/roman/dunya-roman/urunno=0002027361001,,19,46.2,1521652,Yan Pasaj,Laetitia Colombani,1,Ýnce Kapak,0,Türkçe
64,0000000061057,Fatih-Harbiye,,/kitap/fatih-harbiye/edebiyat/roman/turk-klasik/urunno=0000000061057,,20,26.3,356514,Ötüken Neþriyat,Peyami Safa,1,Ýnce Kapak,7,Türkçe
65,0001717354001,Altýncý Koðuþ,,/kitap/altinci-kogus/anton-pavlovic-cehov/edebiyat/roman/dunya-klasik/urunno=0001717354001,,21,13.2,883787,Ýþ Bankasý Kültür Yayýnlarý,Anton Pavloviç Çehov,1,Ýnce Kapak,7,
66,0002018571002,Kaplanýn Sýrtýnda,,/kitap/kaplanin-sirtinda/zulfu-livaneli/edebiyat/roman/turkiye-roman/urunno=0002018571002,,22,67.9,1513596,Ýnkýlap Kitabevi,Zülfü Livaneli,1,Ýnce Kapak,0,Türkçe
67,0001806049001,Otomatik Portakal - Modern Klasikler 3,,/kitap/otomatik-portakal-modern-klasikler-3/anthony-burgess/edebiyat/roman/dunya-roman/urunno=0001806049001,,23,20.4,1068939,Ýþ Bankasý Kültür Yayýnlarý,Anthony Burgess,1,Ýnce Kapak,7,
68,0001920008001,Ýmzalý - Hayat Kaybettiðin Yerden Baþlar,,/kitap/ýmzali-hayat-kaybettigin-yerden-baslar/mirac-cagri-aktas/edebiyat/deneme-yazin/urunno=0001920008001,,24,34.8,1311225,Ýndigo Kitap,Miraç Çaðrý Aktaþ,1,Ýnce Kapak,6,Türkçe
69,0000000438745,Kumarbaz - Hasan Ali Yücel Klasikleri,,/kitap/kumarbaz-hasan-ali-yucel-klasikleri/edebiyat/roman/dunya-klasik/urunno=0000000438745,,25,18.0,406061,Ýþ Bankasý Kültür Yayýnlarý,Fyodor Mihayloviç Dostoyevski,1,Ýnce Kapak,7,Türkçe
70,0000000147919,Ýnce Memed 2,,/kitap/ýnce-memed-2/edebiyat/roman/turkiye-roman/urunno=0000000147919,,26,49.2,361632,Yapý Kredi Yayýnlarý,Yaþar Kemal,1,Ýnce Kapak,8,Türkçe
71,0001751878002,3391 Kilometre,,/kitap/3391-kilometre/edebiyat/roman/romantik/urunno=0001751878002,,27,66.0,984126,Ýndigo Kitap,Beyza Alkoç,1,Ýnce Kapak,8,
72,0002011788001,Surname - Bir Osmanlý Macerasý,,/kitap/surname-bir-osmanli-macerasi/iskender-pala/edebiyat/roman/turkiye-roman/urunno=0002011788001,,28,64.6,1491082,Kapý Yayýnlarý,Ýskender Pala,1,Ýnce Kapak,9,Türkçe
73,0001950220001,Kar Tanesi,,/kitap/kar-tanesi/beyza-alkoc/edebiyat/roman/romantik/urunno=0001950220001,,29,66.0,1371800,Ýndigo Kitap,Beyza Alkoç,1,Ýnce Kapak,8,Türkçe
74,0000000057714,Afrikalý Leo,,/kitap/afrikali-leo/edebiyat/roman/dunya-roman/urunno=0000000057714,,30,51.0,363054,Yapý Kredi Yayýnlarý,Amin Maalouf,1,Ýnce Kapak,8,Türkçe
75,0001906264001,On Kiþiydiler (On Küçük Zenci),,/kitap/on-kisiydiler/agatha-christie/edebiyat/roman/polisiye/urunno=0001906264001,,31,50.7,1285199,Altýn Kitaplar,Agatha Christie,1,Ýnce Kapak,8,Türkçe
76,0000000056587,Martý Jonathan Livingston,,/kitap/marti-jonathan-livingston/richard-bach/edebiyat/roman/dunya-roman/urunno=0000000056587,,32,47.3,360162,Epsilon Yayýnevi,Richard Bach,1,Ýnce Kapak,8,Türkçe
77,0001836978001,Ben Kirke,,/kitap/ben-kirke/madeline-miller/edebiyat/roman/fantastik/urunno=0001836978001,,33,75.0,1127121,Ýthaki Yayýnlarý,Madeline Miller,1,Ýnce Kapak,7,Türkçe
78,0002015087001,Bilinç Dýþý Öyküler - Sulu Boya,,/kitap/bilinc-disi-oykuler-sulu-boya/edebiyat/roman/turkiye-roman/urunno=0002015087001,,34,28.1,1497646,Yediveren Yayýnlarý,Aslý Aktümen,1,Ýnce Kapak,0,Türkçe
79,0000000679924,Kýrmýzý Saçlý Kadýn,,/kitap/kirmizi-sacli-kadin/edebiyat/roman/turkiye-roman/urunno=0000000679924,,35,36.0,525599,Yapý Kredi Yayýnlarý,Orhan Pamuk,1,Ýnce Kapak,6,Türkçe
80,0001756325001,Türk Siyasetinde Meral Akþener,,/kitap/turk-siyasetinde-meral-aksener/edebiyat/biyografi-oto-biyografi/urunno=0001756325001,,36,16.7,954835,Aygan Yayýncýlýk,Vedat Erbaþ,1,Ýnce Kapak,8,
81,0001885364001,Son Ada,,/kitap/son-ada/zulfu-livaneli/edebiyat/roman/turkiye-roman/urunno=0001885364001,,37,44.1,1243222,Ýnkýlap Kitabevi,Zülfü Livaneli,1,Ýnce Kapak,7,Türkçe
82,0000000107298,Harry Potter ve Azkaban Tutsaðý - 3.kitap,,/kitap/harry-potter-ve-azkaban-tutsagi-3kitap/j-k-rowling/cocuk-ve-genclik/genclik-10-yas/fantastik-bilim-kurgu/urunno=0000000107298,,38,69.0,362205,Yapý Kredi Yayýnlarý,J. K. Rowling,1,Ýnce Kapak,8,Türkçe
83,0000000064023,Kolera Günlerinde Aþk,,/kitap/kolera-gunlerinde-ask/edebiyat/roman/dunya-roman/urunno=0000000064023,,39,88.4,389407,Can Yayýnlarý,Gabriel Garcia Marquez,1,Ýnce Kapak,6,Türkçe
84,0000000347422,Beyaz Diþ,,/kitap/beyaz-dis/edebiyat/roman/dunya-klasik/urunno=0000000347422,,40,20.4,444341,Ýþ Bankasý Kültür Yayýnlarý,Jack London,1,Ýnce Kapak,9,Türkçe
85,0000000105931,Harry Potter ve Sýrlar Odasý - 2.kitap,,/kitap/harry-potter-ve-sirlar-odasi-2kitap/j-k-rowling/cocuk-ve-genclik/genclik-10-yas/fantastik-bilim-kurgu/urunno=0000000105931,,41,45.0,363139,Yapý Kredi Yayýnlarý,J. K. Rowling,1,Ýnce Kapak,8,Türkçe
86,0001917612001,Beyaz Zambaklar Ülkesinde - Atatürk'ün Tavsiye Ettiði Kitap,,/kitap/beyaz-zambaklar-ulkesinde-ataturkun-tavsiye-ettigi-kitap/edebiyat/roman/dunya-klasik/urunno=0001917612001,,42,14.4,1306791,Ýþ Bankasý Kültür Yayýnlarý,Grigory Petrov,1,Ýnce Kapak,7,Türkçe
87,0001863624001,Ýki Þehrin Hikayesi - Hasan Ali Yücel Klasikler,,/kitap/ýki-sehrin-hikayesi-hasan-ali-yucel-klasikler/edebiyat/roman/dunya-klasik/urunno=0001863624001,,43,38.4,1200528,Ýþ Bankasý Kültür Yayýnlarý,Charles Dickens,1,Ýnce Kapak,9,Türkçe
88,0000000064101,Kýrmýzý Pazartesi,,/kitap/kirmizi-pazartesi/edebiyat/roman/dunya-roman/urunno=0000000064101,,44,35.4,389451,Can Yayýnlarý,Gabriel Garcia Marquez,1,Ýnce Kapak,7,Türkçe
89,0000000061421,Kiralýk Konak,,/kitap/kiralik-konak/yakup-kadri-karaosmanoglu/edebiyat/roman/turk-klasik/urunno=0000000061421,,45,61.2,363237,Ýletiþim Yayýnlarý,Yakup Kadri Karaosmanoðlu,1,Ýnce Kapak,7,Türkçe
90,0000000626619,Fakat Müzeyyen Bu Derin Bir Tutku,,/kitap/fakat-muzeyyen-bu-derin-bir-tutku/edebiyat/roman/turkiye-roman/urunno=0000000626619,,1,27.4,460989,Ýletiþim Yayýnlarý,Ýlhami Algör,1,Ýnce Kapak,6,Türkçe
91,0001717682001,Cennetin Doðusu,,/kitap/cennetin-dogusu-clz/edebiyat/roman/dunya-klasik/urunno=0001717682001,,2,73.5,884369,Sel Yayýncýlýk,John Steinbeck,1,Ýnce Kapak,8,
92,0001949549001,Serenad,,/kitap/serenad/zulfu-livaneli/edebiyat/roman/turkiye-roman/urunno=0001949549001,,3,84.0,1370428,Ýnkýlap Kitabevi,Zülfü Livaneli,1,Ýnce Kapak,8,Türkçe
93,0002023375001,Yüz Karasý,,/kitap/yuz-karasi/edebiyat/roman/dunya-roman/urunno=0002023375001,,4,63.3,1514157,Martý Yayýnlarý,Brittainy C. Cherry,1,Ýnce Kapak,0,Türkçe
94,0000000066424,Cesur Yeni Dünya,,/kitap/cesur-yeni-dunya/edebiyat/roman/bilim-kurgu/urunno=0000000066424,,5,54.0,423635,Ýthaki Yayýnlarý,Aldous Huxley,1,Ýnce Kapak,7,Türkçe
95,0000000202084,Gurur ve Önyargý - Hasan Ali Yücel Klasikleri,,/kitap/gurur-ve-onyargi-hasan-ali-yucel-klasikleri/edebiyat/roman/dunya-klasik/urunno=0000000202084,,6,36.0,396694,Ýþ Bankasý Kültür Yayýnlarý,Jane Austen,1,Ýnce Kapak,8,Türkçe
96,0000000652495,Korku,,/kitap/korku-modern-klasikler-57/stefan-zweig/edebiyat/roman/dunya-roman/urunno=0000000652495,,7,13.2,372045,Ýþ Bankasý Kültür Yayýnlarý,Stefan Zweig,1,Ýnce Kapak,8,Türkçe
97,0002016938001,Galateia: Bir Öykü,,/kitap/galateia-bir-oyku/madeline-miller/edebiyat/roman/fantastik/urunno=0002016938001,,8,34.8,1501314,Ýthaki Yayýnlarý,Madeline Miller,1,Ýnce Kapak,0,Türkçe
98,0001828033001,Sýfýr Kilometre,,/kitap/sifir-kilometre/beyza-alkoc/edebiyat/roman/romantik/urunno=0001828033001,,9,66.0,1109937,Ýndigo Kitap,Beyza Alkoç,1,Ýnce Kapak,8,
99,0002025433001,Ötanazi Okulu 3,,/kitap/otanazi-okulu-3/maral-atmaca/edebiyat/roman/turkiye-roman/urunno=0002025433001,,10,79.2,1518751,Ephesus Yayýnlarý,Maral Atmaca,1,Ýnce Kapak,0,Türkçe
100,0000000204878,Olasýlýksýz,,/kitap/olasiliksiz/edebiyat/roman/dunya-roman/urunno=0000000204878,,11,76.8,323068,April Yayýncýlýk,Adam Fawer,1,Ýnce Kapak,8,Türkçe
101,0001782557001,Zamaný Durdurmanýn Yollarý,,/kitap/zamani-durdurmanin-yollari/edebiyat/roman/dunya-roman/urunno=0001782557001,,12,68.6,993697,Domingo Yayýnevi,Matt Haig,1,Ýnce Kapak,7,Türkçe
102,0000000651687,Sefiller - 2 Cilt Takým,,/kitap/sefiller-2-cilt-takim/edebiyat/roman/dunya-klasik/urunno=0000000651687,,13,120.0,384473,Ýþ Bankasý Kültür Yayýnlarý,Victor Hugo,1,Ýnce Kapak,8,Türkçe
103,0000000110898,Harry Potter ve Ateþ Kadehi - 4.kitap,,/kitap/harry-potter-ve-ates-kadehi-4kitap/j-k-rowling/cocuk-ve-genclik/genclik-10-yas/fantastik-bilim-kurgu/urunno=0000000110898,,14,84.0,362059,Yapý Kredi Yayýnlarý,J. K. Rowling,1,Ýnce Kapak,8,Türkçe
104,0002024224001,Çarpýk Aþk,,/kitap/carpik-ask/edebiyat/roman/romantik/urunno=0002024224001,,15,69.1,1515721,Martý Yayýnlarý,Ana Huang,1,Ýnce Kapak,10,Türkçe
105,0000000240595,Karamazov Kardeþler - Hasan Ali Yücel Klasikleri,,/kitap/karamazov-kardesler-hasan-ali-yucel-klasikleri/edebiyat/roman/dunya-klasik/urunno=0000000240595,,16,66.0,418446,Ýþ Bankasý Kültür Yayýnlarý,Fyodor Mihayloviç Dostoyevski,1,Ýnce Kapak,7,Türkçe
106,0001929555001,Ýmzalý - Kayýp Tanrýlar Ülkesi,,/kitap/ýmzali-kayip-tanrilar-ulkesi/edebiyat/roman/polisiye/urunno=0001929555001,,17,57.0,1330897,Yapý Kredi Yayýnlarý,Ahmet Ümit,1,Ýnce Kapak,7,Türkçe
107,0001803800001,Karamazov Kardeþler,,/kitap/karamazov-kardesler/fyodor-mihaylovic-dostoyevski/edebiyat/roman/dunya-klasik/urunno=0001803800001,,18,81.6,1064683,Can Yayýnlarý,Fyodor Mihayloviç Dostoyevski,1,Ýnce Kapak,7,
108,0001969669001,Ýnsanlar,,/kitap/insanlar/matt-haig/edebiyat/roman/dunya-roman/urunno=0001969669001,,19,68.6,1408130,Domingo Yayýnevi,Matt Haig,1,Ýnce Kapak,10,Türkçe
109,0000000602828,Beyaz Geceler - Hasan Ali Yücel Klasikleri,,/kitap/beyaz-geceler-hasan-ali-yucel-klasikleri/edebiyat/roman/dunya-klasik/urunno=0000000602828,,20,18.0,434938,Ýþ Bankasý Kültür Yayýnlarý,Fyodor Mihayloviç Dostoyevski,1,Ýnce Kapak,7,Türkçe
110,0001731073001,Zaman Makinesi,,/kitap/zaman-makinesi/edebiyat/roman/bilim-kurgu/urunno=0001731073001,,21,13.2,909490,Ýþ Bankasý Kültür Yayýnlarý,H.G. Wells,1,Ýnce Kapak,6,
111,0002025084001,Yeniden Biz Olmak,,/kitap/yeniden-biz-olmak/hakan-ozkan/edebiyat/deneme-yazin/urunno=0002025084001,,22,48.8,1517458,Olimpos Yayýnlarý,Hakan Özkan,1,Ýnce Kapak,10,Türkçe
112,0000000264816,Göðe Bakma Duraðý,,/kitap/goge-bakma-duragi/edebiyat/siir/turk-siiri/urunno=0000000264816,,23,9.0,426407,Yapý Kredi Yayýnlarý,Turgut Uyar,1,Ýnce Kapak,8,Türkçe
113,0001911987001,Miras,,/kitap/miras/vigdis-hjorth/edebiyat/roman/dunya-roman/urunno=0001911987001,,24,63.0,1296933,Siren Yayýnlarý,Vigdis Hjorth,1,Ýnce Kapak,7,Türkçe
114,0000000168350,Toprak Ana,,/kitap/toprak-ana/edebiyat/roman/dunya-roman/urunno=0000000168350,,25,24.6,482298,Ötüken Neþriyat,Cengiz Aytmatov,1,Ýnce Kapak,8,Türkçe
115,0001705401001,Ay Iþýðý Sokaðý,,/kitap/ay-ýsigi-sokagi/stefan-zweig/edebiyat/roman/dunya-roman/urunno=0001705401001,,26,12.0,860920,Ýþ Bankasý Kültür Yayýnlarý,Stefan Zweig,1,Ýnce Kapak,8,
116,0000000433607,Ýnsancýklar,,/kitap/ýnsanciklar/edebiyat/roman/dunya-roman/urunno=0000000433607,,27,27.2,368405,Can Yayýnlarý,Fyodor Mihayloviç Dostoyevski,1,Ýnce Kapak,8,Türkçe
117,0000000213528,Yaþlý Adam ve Deniz,,/kitap/yasli-adam-ve-deniz/edebiyat/roman/dunya-klasik/urunno=0000000213528,,28,41.3,416430,Bilgi Yayýnevi,Ernest Hemingway,1,Ýnce Kapak,8,Türkçe
118,0001949547001,Huzursuzluk,,/kitap/huzursuzluk/edebiyat/roman/turkiye-roman/urunno=0001949547001,,29,38.5,1370426,Ýnkýlap Kitabevi,Zülfü Livaneli,1,Ýnce Kapak,0,Türkçe
119,0001750151001,Fahrenheit 451,,/kitap/fahrenheit-451/ray-bradbury/edebiyat/roman/bilim-kurgu/urunno=0001750151001,,30,50.4,942615,Ýthaki Yayýnlarý,Ray Bradbury,1,Ýnce Kapak,7,Türkçe
120,0001816132001,Pia Mater,,/kitap/pia-mater/serkan-karaismailoglu/edebiyat/roman/turkiye-roman/urunno=0001816132001,,31,63.7,1088402,Elma Yayýnevi,Serkan Karaismailoðlu,1,Ýnce Kapak,8,Türkçe
121,0000000156851,Beyaz Gemi,,/kitap/beyaz-gemi/edebiyat/roman/dunya-roman/urunno=0000000156851,,32,28.7,312146,Ötüken Neþriyat,Cengiz Aytmatov,1,Ýnce Kapak,8,Türkçe
122,0001852469001,Beyoðlu Rapsodisi,,/kitap/beyoglu-rapsodisi/edebiyat/roman/polisiye/urunno=0001852469001,,33,49.2,1178592,Yapý Kredi Yayýnlarý,Ahmet Ümit,1,Ýnce Kapak,9,Türkçe
123,0001865141001,Akhilleus'un Þarkýsý,,/kitap/akhilleusun-sarkisi/edebiyat/roman/fantastik/urunno=0001865141001,,34,72.0,1203306,Ýthaki Yayýnlarý,Madeline Miller,1,Ýnce Kapak,8,Türkçe
124,0000000238311,Ateþten Gömlek,,/kitap/atesten-gomlek/edebiyat/roman/turk-klasik/urunno=0000000238311,,35,53.1,405330,Can Yayýnlarý,Halide Edib Adývar,1,Ýnce Kapak,8,Türkçe
125,0001950959001,Yaralasar Serisi Seti - 4 Kitap Takým,,/kitap/yaralasar-serisi-seti-4-kitap-takim/maral-atmaca/edebiyat/roman/turkiye-roman/urunno=0001950959001,,36,357.6,1373203,Ephesus Yayýnlarý,Maral Atmaca,1,Ciltli,7,Türkçe
126,0000000147920,Ýnce Memed 3,,/kitap/ýnce-memed-3/edebiyat/roman/turkiye-roman/urunno=0000000147920,,37,81.0,356157,Yapý Kredi Yayýnlarý,Yaþar Kemal,1,Ýnce Kapak,8,Türkçe
127,0001872390001,Kar Küresi,,/kitap/kar-kuresi/beyza-alkoc/edebiyat/roman/romantik/urunno=0001872390001,,38,66.0,1218038,Ýndigo Kitap,Beyza Alkoç,1,Ýnce Kapak,7,Türkçe
128,0000000131986,Kinyas ve Kayra,,/kitap/kinyas-ve-kayra/edebiyat/roman/turkiye-roman/urunno=0000000131986,,39,100.1,367274,Doðan Kitap,Hakan Günday,1,Ýnce Kapak,8,Türkçe
129,0001873848001,Dansa Davet,,/kitap/dansa-davet/edebiyat/roman/dunya-roman/urunno=0001873848001,,40,38.5,1221195,Sel Yayýncýlýk,Jean Teule,1,Ýnce Kapak,9,Türkçe
130,0001689176001,Bir Çöküþün Öyküsü,,/kitap/bir-cokusun-oykusu-modern-klasikler-90/stefan-zweig/edebiyat/roman/dunya-roman/urunno=0001689176001,,41,12.0,831115,Ýþ Bankasý Kültür Yayýnlarý,Stefan Zweig,1,Ýnce Kapak,7,
131,0001824301001,Dünyaya Geldim Gitmeye-Gönül Sadasý'ndan Akisler,,/kitap/dunyaya-geldim-gitmeye/edebiyat/roportaj/urunno=0001824301001,,42,61.2,1102767,Turkuvaz Kitap,Kemal Sayar,1,Ýnce Kapak,6,
132,0000000390692,Fedailerin Kalesi Alamut,,/kitap/fedailerin-kalesi-alamut/edebiyat/roman/dunya-roman/urunno=0000000390692,,43,66.8,353979,Koridor Yayýncýlýk,Vladimir Bartol,1,Ýnce Kapak,8,Türkçe
133,0000000411501,Ýnci,,/kitap/ýnci/edebiyat/roman/dunya-klasik/urunno=0000000411501,,44,42.0,412107,Sel Yayýncýlýk,John Steinbeck,1,Ýnce Kapak,8,Türkçe
134,0000000576984,Notre Dame'ýn Kamburu - Hasan Ali Yücel Klasikleri,,/kitap/notre-damein-kamburu-hasan-ali-yucel-klasikleri/edebiyat/roman/dunya-klasik/urunno=0000000576984,,45,42.0,342832,Ýþ Bankasý Kültür Yayýnlarý,Victor Hugo,1,Ýnce Kapak,8,Türkçe
135,0001751078001,Usta ile Margarita,,/kitap/usta-ýle-margarita/mihayl-afanasyevic-bulgakov/edebiyat/roman/dunya-roman/urunno=0001751078001,,1,40.8,946872,Ýþ Bankasý Kültür Yayýnlarý,Mihail Bulgakov,1,Ýnce Kapak,7,Türkçe
136,0001975756002,Enkaz Altýndakiler,,/kitap/enkaz-altindakiler/beyza-alkoc/edebiyat/roman/turkiye-roman/urunno=0001975756002,,2,78.0,1420071,Ýndigo Kitap,Beyza Alkoç,1,Ciltli,7,Türkçe
137,0001788247001,Mutlu Bir Yaþam Üzerine-Yaþamýn Kýsalýðý Üzerine,,/kitap/mutlu-bir-yasam-uzerine-yasamin-kisaligi-uzerine/seneca/edebiyat/roman/dunya-klasik/urunno=0001788247001,,3,14.4,1042523,Ýþ Bankasý Kültür Yayýnlarý,Seneca,1,Ýnce Kapak,7,
138,0001911676001,Veba Geceleri,,/kitap/veba-geceleri/orhan-pamuk/edebiyat/roman/turkiye-roman/urunno=0001911676001,,4,27.0,1296302,Yapý Kredi Yayýnlarý,Orhan Pamuk,1,Ýnce Kapak,5,Türkçe
139,0001872902001,Kýzýl Veba-Modern Klasikler Dizisi 152,,/kitap/kizil-veba-modern-klasikler-dizisi-152/jack-london/edebiyat/roman/dunya-klasik/urunno=0001872902001,,5,12.0,1219087,Ýþ Bankasý Kültür Yayýnlarý,Jack London,1,Ýnce Kapak,8,Türkçe
140,0000000147922,Ýnce Memed 4,,/kitap/ýnce-memed-4/edebiyat/roman/turkiye-roman/urunno=0000000147922,,6,87.0,378994,Yapý Kredi Yayýnlarý,Yaþar Kemal,1,Ýnce Kapak,8,Türkçe
141,0002031253001,Ben Zaten Aþýktým Sen Üstüne Geldin,,/kitap/ben-zaten-asiktim-sen-ustune-geldin/deniz-erkin-purut/edebiyat/roman/turkiye-roman/urunno=0002031253001,,7,40.6,1528399,Olimpos Yayýnlarý,Deniz Erkin Purut,1,Ýnce Kapak,0,Türkçe
142,0001932646001,Bizimle Baþladý Bizimle Bitti,,/kitap/bizimle-basladi-bizimle-bitti/edebiyat/roman/romantik/urunno=0001932646001,,8,81.8,1336767,Epsilon Yayýnevi,Colleen Hoover,1,Ýnce Kapak,8,Türkçe
143,0000000057757,Semerkant,,/kitap/semerkant/edebiyat/roman/dunya-roman/urunno=0000000057757,,9,39.0,363056,Yapý Kredi Yayýnlarý,Amin Maalouf,1,Ýnce Kapak,8,Türkçe
144,0001788068001,Ýki Þehrin Hikayesi,,/kitap/ýki-sehrin-hikayesi/edebiyat/roman/dunya-klasik/urunno=0001788068001,,10,46.3,1006838,Can Yayýnlarý,Charles Dickens,1,Ýnce Kapak,7,Türkçe
145,0001923629001,Kahve Soðumadan Önce,,/kitap/kahve-sogumadan-once/toshikazu-kawaguchi/edebiyat/roman/dunya-roman/urunno=0001923629001,,11,54.2,1318564,Epsilon Yayýnevi,Toshikazu Kawaguchi,1,Ýnce Kapak,6,Türkçe
146,0000000726637,Amok Koþucusu,,/kitap/amok-kosucusu-modern-klasikler-87/stefan-zweig/edebiyat/roman/dunya-roman/urunno=0000000726637,,12,10.8,609414,Ýþ Bankasý Kültür Yayýnlarý,Stefan Zweig,1,Ýnce Kapak,8,Türkçe
147,0000000666054,Dr. Jekyll ile Bay Hyde,,/kitap/dr-jekyll-ýle-bay-hyde/edebiyat/roman/dunya-klasik/urunno=0000000666054,,13,13.2,509932,Ýþ Bankasý Kültür Yayýnlarý,Robert Louis Stevenson,1,Ýnce Kapak,8,Türkçe
148,0000000589431,Ýlyada - Hasan Ali Yücel Klasikleri,,/kitap/ýlyada-hasan-ali-yucel-klasikleri/edebiyat/roman/dunya-klasik/urunno=0000000589431,,14,66.0,466535,Ýþ Bankasý Kültür Yayýnlarý,Homeros,1,Ýnce Kapak,6,Türkçe
149,0001924003001,Kayýp Tanrýlar Ülkesi,,/kitap/kayip-tanrilar-ulkesi/ahmet-umit/edebiyat/roman/polisiye/urunno=0001924003001,,15,57.0,1319222,Yapý Kredi Yayýnlarý,Ahmet Ümit,1,Ýnce Kapak,6,Türkçe
150,0001863920001,Bülbülü Öldürmek,,/kitap/bulbulu-oldurmek/harper-lee/edebiyat/roman/dunya-roman/urunno=0001863920001,,16,81.8,1201042,Epsilon Yayýnevi,Harper Lee,1,Ýnce Kapak,8,Türkçe
151,0002029728001,Kývýlcýmdaki Gölge - Bir Ten ve Ateþ Romaný,,/kitap/kivilcimdaki-golge-bir-ten-ve-ates-romani/jennifer-l-armentrout/edebiyat/roman/fantastik/urunno=0002029728001,,17,116.4,1525487,DEX,Jennifer L. Armentrout,1,Ýnce Kapak,0,Türkçe
152,0001896829001,Karantina - Beþinci Perde - Mahþerin Dört Atlýsýnýn Hikayesi ,,/kitap/karantina-besinci-perde-mahserin-dort-atlisinin-hikayesi/edebiyat/roman/turkiye-roman/urunno=0001896829001,,18,66.0,1266409,Ýndigo Kitap,Beyza Alkoç,1,Ýnce Kapak,7,Türkçe
153,0001926463001,Gazap Üzümleri,,/kitap/gazap-uzumleri/edebiyat/roman/dunya-roman/urunno=0001926463001,,19,114.5,1324285,Ýletiþim Yayýnlarý,John Steinbeck,1,Ýnce Kapak,7,Türkçe
154,0001850944001,Agathanýn Anahtarý,,/kitap/agatha’nin-anahtari/ahmet-umit/edebiyat/roman/polisiye/urunno=0001850944001,,20,24.0,1175720,Yapý Kredi Yayýnlarý,Ahmet Ümit,1,Ýnce Kapak,7,Türkçe
155,0000000113094,Yüzüklerin Efendisi - Tek Cilt Özel Basým,,/kitap/yuzuklerin-efendisi-tek-cilt-ozel-basim/edebiyat/roman/fantastik/urunno=0000000113094,,21,277.4,356485,Metis Yayýnlarý,J. R. R. Tolkien,1,Ciltli,8,Türkçe
156,0000000064172,Bulantý,,/kitap/bulanti/edebiyat/roman/dunya-roman/urunno=0000000064172,,22,54.4,389479,Can Yayýnlarý,Jean-Paul Sartre,1,Ýnce Kapak,8,Türkçe
157,0000000716154,Vadideki Zambak,,/kitap/vadideki-zambak/edebiyat/roman/dunya-klasik/urunno=0000000716154,,23,24.0,591137,Ýþ Bankasý Kültür Yayýnlarý,Honore de Balzac,1,Ýnce Kapak,6,Türkçe
158,0000000669348,Köpek Kalbi,,/kitap/kopek-kalbi/mihayl-afanasyevic-bulgakov/edebiyat/roman/dunya-klasik/urunno=0000000669348,,24,14.4,513636,Ýþ Bankasý Kültür Yayýnlarý,Mihail Bulgakov,1,Ýnce Kapak,9,Türkçe
159,0001846663001,Karantina Dördüncü Perde-Mahþerin Dört Atlýsýnýn Hikayesi,,/kitap/karantina-dorduncu-perde-mahserin-dort-atlisinin-hikayesi/beyza-alkoc/edebiyat/roman/turkiye-roman/urunno=0001846663001,,25,66.0,1166945,Ýndigo Kitap,Beyza Alkoç,1,Ýnce Kapak,8,Türkçe
160,0001780394001,Taaþþuk-ý Talat ve Fitnat-Günümüz Türkçesiyle,,/kitap/taassuk-i-talat-ve-fitnat-gunumuz-turkcesiyle/semseddin-sami/edebiyat/roman/turk-klasik/urunno=0001780394001,,26,14.4,990392,Ýþ Bankasý Kültür Yayýnlarý,Þemseddin Sami,1,Ýnce Kapak,7,
161,0000000027135,Saatleri Ayarlama Enstitüsü,,/kitap/saatleri-ayarlama-enstitusu/edebiyat/roman/turk-klasik/urunno=0000000027135,,27,88.0,364443,Dergah Yayýnlarý,Ahmet Hamdi Tanpýnar,1,Ýnce Kapak,7,Türkçe
162,0001677095002,Karantina,,/kitap/karantina/edebiyat/roman/turkiye-roman/urunno=0001677095002,,28,66.0,984115,Ýndigo Kitap,Beyza Alkoç,1,Ýnce Kapak,8,
163,0001837961001,Aþkýmýz Eski Bir Roman,,/kitap/askimiz-eski-bir-roman/ahmet-umit/edebiyat/roman/polisiye/urunno=0001837961001,,29,30.0,1129094,Yapý Kredi Yayýnlarý,Ahmet Ümit,1,Ýnce Kapak,6,Türkçe
164,0001727591002,Karantina Ýkinci Perde,,/kitap/karantina-ýkinci-perde/beyza-alkoc/edebiyat/roman/romantik/urunno=0001727591002,,30,66.0,984110,Ýndigo Kitap,Beyza Alkoç,1,Ýnce Kapak,8,
165,0000000058007,Doðu'nun Limanlarý,,/kitap/dogunun-limanlari/edebiyat/roman/dunya-roman/urunno=0000000058007,,31,28.8,360692,Yapý Kredi Yayýnlarý,Amin Maalouf,1,Ýnce Kapak,8,Türkçe
166,0000000411460,Ölü Ozanlar Derneði,,/kitap/olu-ozanlar-dernegi/edebiyat/roman/dunya-roman/urunno=0000000411460,,32,29.5,412078,Bilge Kültür Sanat,Nancy H. Kleinbaum,1,Ýnce Kapak,9,Türkçe
167,0001745835001,Deðersiz Bir Hayat,,/kitap/degersiz-bir-hayat-clz/edebiyat/roman/dunya-roman/urunno=0001745835001,,33,135.9,937925,Doðan Kitap,Hanya Yanagihara,1,Ýnce Kapak,8,
168,0000000591730,Ývan Ýlyiç'in Ölümü - Hasan Ali Yücel Klasikleri,,/kitap/ývan-ýlyicin-olumu-hasan-ali-yucel-klasikleri/edebiyat/roman/dunya-klasik/urunno=0000000591730,,34,14.4,437636,Ýþ Bankasý Kültür Yayýnlarý,Lev Nikolayeviç Tolstoy,1,Ýnce Kapak,9,Türkçe
169,0002002814002,Ötanazi Okulu 2,,/kitap/otanazi-okulu-2/maral-atmaca/edebiyat/roman/turkiye-roman/urunno=0002002814002,,35,79.2,1473997,Ephesus Yayýnlarý,Maral Atmaca,1,Ýnce Kapak,10,Türkçe
170,0002028729001,Susamadýklarým,,/kitap/susamadiklarim/ciler-nazife-kosar/edebiyat/deneme-yazin/urunno=0002028729001,,36,58.5,1523585,Yakýn Kitabevi,Çiler Nazife Koþar,1,Ýnce Kapak,0,Türkçe
171,0001965674001,Deneyimler,,/kitap/deneyimler/edebiyat/turk-gunluk-ani/urunno=0001965674001,,37,98.0,1400508,Remzi Kitabevi,Ömer Aras,1,Ýnce Kapak,0,Türkçe
172,0001860234001,Ýnsanlýðýmý Yitirirken,,/kitap/ýnsanligimi-yitirirken/osamu-dazai/edebiyat/roman/dunya-roman/urunno=0001860234001,,38,28.0,1193888,Sel Yayýncýlýk,Osamu Dazai,1,Ýnce Kapak,8,Türkçe
173,0002026904001,Dad,,/kitap/dad/selahattin-demirtas/edebiyat/roman/turkiye-roman/urunno=0002026904001,,39,50.7,1521165,Dipnot,Selahattin Demirtaþ,1,Ýnce Kapak,0,Türkçe
174,0001897578001,Esrar-ý Cinayat - Günümüz Türkçesiyle - Türk Klasikleri 51,,/kitap/esrar-i-cinayat-gunumuz-turkcesiyle-turk-klasikleri-51/edebiyat/roman/turk-klasik/urunno=0001897578001,,40,21.6,1267823,Ýþ Bankasý Kültür Yayýnlarý,Ahmet Mithat Efendi,1,Ýnce Kapak,10,Türkçe
175,0000000126258,Sofie'nin Dünyasý,,/kitap/sofienin-dunyasi/edebiyat/roman/dunya-roman/urunno=0000000126258,,41,126.0,369303,Pan Yayýncýlýk,Jostein Gaarder,1,Ýnce Kapak,7,Türkçe
176,0001776479001,Monte Cristo Kontu-Hasan Ali Yücel Klasikler,,/kitap/monte-cristo-kontu-hasan-ali-yucel-klasikler/edebiyat/roman/dunya-klasik/urunno=0001776479001,,42,114.0,983801,Ýþ Bankasý Kültür Yayýnlarý,Alexandre Dumas,1,Ýnce Kapak,8,
177,0001788070001,Jane Eyre,,/kitap/charlotte-bronte/edebiyat/roman/dunya-klasik/urunno=0001788070001,,43,53.1,1006842,Can Yayýnlarý,Charlotte Bronte,1,Ýnce Kapak,8,
178,0000000064087,Siddhartha,,/kitap/siddhartha/edebiyat/roman/dunya-roman/urunno=0000000064087,,44,40.8,389446,Can Yayýnlarý,Hermann Hesse,1,Ýnce Kapak,8,Türkçe
179,0001751878001,3391 Kilometre,,/kitap/3391-kilometre/edebiyat/roman/romantik/urunno=0001751878001,,45,78.0,944580,Ýndigo Kitap,Beyza Alkoç,1,Ciltli,8,
180,0000000188198,Gençlerle Baþbaþa,,/kitap/genclerle-basbasa/ali-fuad-basgil/edebiyat/deneme-yazin/urunno=0000000188198,,1,20.0,516615,Kubbealtý Neþriyatý,Ali Fuad Baþgil,1,Ýnce Kapak,6,Türkçe
181,0000000027133,Beþ Þehir,,/kitap/bes-sehir/edebiyat/roman/turk-klasik/urunno=0000000027133,,2,48.0,364442,Dergah Yayýnlarý,Ahmet Hamdi Tanpýnar,1,Ýnce Kapak,10,Türkçe
182,0000000141001,Harry Potter ve Zümrüdüanka Yoldaþlýðý - 5.kitap,,/kitap/harry-potter-ve-zumruduanka-yoldasligi-5kitap/j-k-rowling/cocuk-ve-genclik/genclik-10-yas/fantastik-bilim-kurgu/urunno=0000000141001,,3,114.0,394967,Yapý Kredi Yayýnlarý,J. K. Rowling,1,Ýnce Kapak,8,Türkçe
183,0000000153127,Uçurtma Avcýsý,,/kitap/ucurtma-avcisi/edebiyat/roman/dunya-roman/urunno=0000000153127,,4,85.0,401631,Everest Yayýnlarý,Khaled Hosseini,1,Ýnce Kapak,8,Türkçe
184,0002021243001,Ýmzalý - Daire 7,,/kitap/imzali-daire-7/beyza-alkoc/edebiyat/roman/turkiye-roman/urunno=0002021243001,,5,78.0,1509875,Ýndigo Kitap,Beyza Alkoç,1,Ciltli,10,Türkçe
185,0001777055001,Paris'ten Çiçeklerle,,/kitap/paristen-ciceklerle/edebiyat/roman/romantik/urunno=0001777055001,,6,55.3,984511,Pena Yayýnlarý,Sarah Jio,1,Ýnce Kapak,8,Türkçe
186,0000000300245,Üç Silahþör - Hasan Ali Yücel Klasikleri,,/kitap/uc-silahsor-hasan-ali-yucel-klasikleri/alexandre-dumas/edebiyat/roman/dunya-klasik/urunno=0000000300245,,7,56.4,351158,Ýþ Bankasý Kültür Yayýnlarý,Alexandre Dumas,1,Ýnce Kapak,8,Türkçe
187,0000000061603,Tehlikeli Oyunlar,,/kitap/tehlikeli-oyunlar/edebiyat/roman/turkiye-roman/urunno=0000000061603,,8,109.5,365968,Ýletiþim Yayýnlarý,Oðuz Atay,1,Ýnce Kapak,8,Türkçe
188,0001783440001,Karantina - Üçüncü Perde - Mahþerin Dört Atlýsýnýn Hikayesi,,/kitap/karantina-ucuncu-perde-mahserin-dort-atlisinin-hikayesi/edebiyat/roman/turkiye-roman/urunno=0001783440001,,9,66.0,994667,Ýndigo Kitap,Beyza Alkoç,1,Ýnce Kapak,8,Türkçe
189,0001933658001,Lordlar ve Varisler - Hepimiz Gökyüzü Olmak Ýstedik (Özel Ýmzalý Kutulu),,/kitap/hepimiz-gokyuzu-olmak-ýstedik-lordlar-ve-varisler-kutulu-set-4-kitap-takim/ng-kabal/edebiyat/roman/fantastik/urunno=0001933658001,,10,132.9,1338696,Martý Yayýnlarý,N.G. Kabal,1,Ciltli,6,Türkçe
190,0001932738002,Yaralasar 3,,/kitap/yaralasar-3/edebiyat/roman/turkiye-roman/urunno=0001932738002,,11,89.4,1337006,Ephesus Yayýnlarý,Kolektif,1,Ciltli,8,Türkçe
191,0000000629257,Genç Bir Doktorun Anýlarý,,/kitap/genc-bir-doktorun-anilari-modern-klasikler-47/mihayl-afanasyevic-bulgakov/edebiyat/roman/dunya-klasik/urunno=0000000629257,,12,14.4,462233,Ýþ Bankasý Kültür Yayýnlarý,Mihayl Afanasyeviç Bulgakov,1,Ýnce Kapak,8,Türkçe
192,0001865529001,Saç Örgüsü,,/kitap/sac-orgusu/laetitia-colombani/edebiyat/roman/dunya-roman/urunno=0001865529001,,13,47.5,1204044,Yan Pasaj,Laetitia Colombani,1,Ýnce Kapak,8,Türkçe
193,0000000064051,Koku,,/kitap/koku/edebiyat/roman/dunya-roman/urunno=0000000064051,,14,57.8,389419,Can Yayýnlarý,Patrick Süskind,1,Ýnce Kapak,8,Türkçe
194,0001798786001,Beyaz Geceler,,/kitap/beyaz-geceler/edebiyat/roman/dunya-klasik/urunno=0001798786001,,15,17.7,1055039,Can Yayýnlarý,Fyodor Mihayloviç Dostoyevski,1,Ýnce Kapak,8,
195,0001985877001,Ýyi Bir Kýzýn Cinayet Rehberi,,/kitap/iyi-bir-kizin-cinayet-rehberi/edebiyat/roman/polisiye/urunno=0001985877001,,16,68.0,1439092,Epsilon Yayýnevi,Holly Jackson,1,Ýnce Kapak,7,Türkçe
196,0001775354001,Lyon'da Düðün,,/kitap/lyonda-dugun/edebiyat/roman/dunya-klasik/urunno=0001775354001,,17,10.8,980480,Ýþ Bankasý Kültür Yayýnlarý,Stefan Zweig,1,Ýnce Kapak,7,
197,0000000147952,Yýlaný Öldürseler,,/kitap/yilani-oldurseler/edebiyat/roman/turkiye-roman/urunno=0000000147952,,18,21.0,358901,Yapý Kredi Yayýnlarý,Yaþar Kemal,1,Ýnce Kapak,9,Türkçe
198,0001720944001,Mecburiyet,,/kitap/mecburiyet-modern-klasikler-104/stefan-zweig/edebiyat/roman/dunya-roman/urunno=0001720944001,,19,12.0,889850,Ýþ Bankasý Kültür Yayýnlarý,Stefan Zweig,1,Ýnce Kapak,8,
199,0001866531002,Ölüler Konuþamaz,,/kitap/oluler-konusamaz/dilara-keskin/edebiyat/roman/turkiye-roman/urunno=0001866531002,,20,79.2,1265141,Ephesus Yayýnlarý,Dilara Keskin,1,Ýnce Kapak,8,Türkçe
200,0000000145836,Küçük Aða,,/kitap/kucuk-aga/edebiyat/roman/turk-klasik/urunno=0000000145836,,21,108.0,377106,Ýletiþim Yayýnlarý,Tarýk Buðra,1,Ýnce Kapak,7,Türkçe
201,0000000390431,Uyumsuz Defne Kaman'ýn Maceralarý-Su,,/kitap/uyumsuz-defne-kamanin-maceralari-su/edebiyat/roman/turkiye-roman/urunno=0000000390431,,22,74.8,353184,Everest Yayýnlarý,Buket Uzuner,1,Ýnce Kapak,6,Türkçe
202,0002016888001,Ayný Çatý Altýnda,,/kitap/ayni-cati-altinda/ali-hazelwood/edebiyat/roman/romantik/urunno=0002016888001,,23,51.8,1501268,Nemesis Kitap,Ali Hazelwood,1,Ýnce Kapak,9,Türkçe
203,0001890976001,Son Adanýn Çocuklarý,,/kitap/son-ada’nin-cocuklari/zulfu-livaneli/edebiyat/roman/turkiye-roman/urunno=0001890976001,,24,41.3,1254392,Ýnkýlap Kitabevi,Zülfü Livaneli,1,Ýnce Kapak,8,Türkçe
204,0001871087001,Aþk ile Aný Seyretmek: Gönül Sadasýndan Akisler-2,,/kitap/ask-ile-ani-seyretmek-gonul-sadasi’ndan-akisler-2/sadettin-okten/edebiyat/roportaj/urunno=0001871087001,,25,47.6,1215280,Turkuvaz Kitap,Sadettin Ökten,1,Ýnce Kapak,9,Türkçe
205,0001782493001,Mai ve Siyah-Günümüz Türkçesiyle,,/kitap/mai-ve-siyah-gunumuz-turkcesiyle/edebiyat/roman/turk-klasik/urunno=0001782493001,,26,21.6,993837,Ýþ Bankasý Kültür Yayýnlarý,Halid Ziya Uþaklýgil,1,Ýnce Kapak,9,Türkçe
206,0002023951001,Küçük Ünlü Uyumu,,/kitap/kucuk-unlu-uyumu/kaan-sekban/edebiyat/anlati/urunno=0002023951001,,27,84.0,1515208,Ýnkýlap Kitabevi,Kaan Sekban,1,Ýnce Kapak,0,Türkçe
207,0001974838001,Öðrenci Kýz,,/kitap/ogrenci-kiz/edebiyat/roman/dunya-roman/urunno=0001974838001,,28,15.0,1418396,Ýthaki Yayýnlarý,Osamu Dazai,1,Ýnce Kapak,8,Türkçe
208,0000000589428,Odysseia - Hasan Ali Yücel Klasikleri,,/kitap/odysseia-hasan-ali-yucel-klasikleri/edebiyat/roman/dunya-klasik/urunno=0000000589428,,29,51.6,466532,Ýþ Bankasý Kültür Yayýnlarý,Homeros,1,Ýnce Kapak,9,Türkçe
209,0001938364001,Okçu'nun Yolu,,/kitap/okcunun-yolu/paulo-coelho/edebiyat/roman/dunya-roman/urunno=0001938364001,,30,49.0,1349368,Can Yayýnlarý,Paulo Coelho,1,Ýnce Kapak,6,Türkçe
210,0001788080001,Uðultulu Tepeler - Beyaz Kapak,,/kitap/ugultulu-tepeler/emily-bronte/edebiyat/roman/dunya-klasik/urunno=0001788080001,,31,44.2,1006862,Can Yayýnlarý,Emily Bronte,1,Ýnce Kapak,8,
211,0000000247902,Harry Potter ve Ölüm Yadigarlarý - 7. Kitap,,/kitap/harry-potter-ve-olum-yadigarlari-7-kitap/j-k-rowling/cocuk-ve-genclik/genclik-10-yas/fantastik-bilim-kurgu/urunno=0000000247902,,32,75.0,420576,Yapý Kredi Yayýnlarý,J. K. Rowling,1,Ýnce Kapak,9,Türkçe
212,0001907699001,Bir Kürt Sevdim,,/kitap/bir-kurt-sevdim/edebiyat/roman/romantik/urunno=0001907699001,,33,56.7,1288058,Müptela Yayýnlarý,Dilek Bilgiç Esen,1,Ýnce Kapak,5,Türkçe
213,0001858361001,Hiçbir Karþýlaþma Tesadüf Deðildir,,/kitap/hicbir-karsilasma-tesaduf-degildir/hakan-menguc/edebiyat/roman/turkiye-roman/urunno=0001858361001,,34,49.2,1190570,Destek Yayýnlarý,Hakan Mengüç,1,Ýnce Kapak,6,Türkçe
214,0001952169001,Sonat,,/kitap/sonat/ýsilsu-gultekin/edebiyat/roman/turkiye-roman/urunno=0001952169001,,35,84.0,1375644,Ýndigo Kitap,Iþýlsu Gültekin,1,Ciltli,7,Türkçe
215,0001991889001,Ateþpare - 1,,/kitap/atespare-1/ceren-melek/edebiyat/roman/turkiye-roman/urunno=0001991889001,,36,79.2,1451433,Ephesus Yayýnlarý,Ceren Melek,1,Ýnce Kapak,10,Türkçe
216,0001843343001,Kýrlangýç Çýðlýðý,,/kitap/kirlangic-cigligi/ahmet-umit/edebiyat/roman/polisiye/urunno=0001843343001,,37,72.0,1162150,Yapý Kredi Yayýnlarý,Ahmet Ümit,1,Ýnce Kapak,8,Türkçe
217,0001994899001,Öze Dönüþ - Geçmiþin Travmalarýndan Kurtulmak,,/kitap/oze-donus-gecmisin-travmalarindan-kurtulmak/edebiyat/roman/dunya-klasik/urunno=0001994899001,,38,54.0,1457377,Hayykitap,Eray Hacýosmanoðlu,1,Ýnce Kapak,0,Türkçe
218,0000000323262,Vahþetin Çaðrýsý,,/kitap/vahsetin-cagrisi/jack-london/edebiyat/roman/dunya-klasik/urunno=0000000323262,,39,15.6,307548,Ýþ Bankasý Kültür Yayýnlarý,Jack London,1,Ýnce Kapak,9,Türkçe
219,0000000147950,Aðrýdaðý Efsanesi,,/kitap/agridagi-efsanesi/edebiyat/roman/turkiye-roman/urunno=0000000147950,,40,24.0,358900,Yapý Kredi Yayýnlarý,Yaþar Kemal,1,Ýnce Kapak,9,Türkçe
220,0001743614001,Geçmiþe Yolculuk,,/kitap/gecmise-yolculuk/edebiyat/roman/dunya-klasik/urunno=0001743614001,,41,12.0,932083,Ýþ Bankasý Kültür Yayýnlarý,Stefan Zweig,1,Ýnce Kapak,7,
221,0001846444001,Ýstanbul Hatýrasý,,/kitap/ýstanbul-hatirasi/ahmet-umit/edebiyat/roman/polisiye/urunno=0001846444001,,42,66.0,1166548,Yapý Kredi Yayýnlarý,Ahmet Ümit,1,Ýnce Kapak,8,Türkçe
222,0001928282001,Aleme Bir Yar Ýçin Ah Etmeye Geldik - Gönül Sadasý'ndan Akisler 3,,/kitap/aleme-bir-yar-ýcin-ah-etmeye-geldik-gonul-sadasindan-akisler-3/sadettin-okten/edebiyat/roportaj/urunno=0001928282001,,43,47.6,1328001,Turkuvaz Kitap,Sadettin Ökten,1,Ýnce Kapak,0,Türkçe
223,0001908188002,Sokak Nöbetçileri,,/kitap/sokak-nobetcileri/asli-arslan/edebiyat/roman/turkiye-roman/urunno=0001908188002,,44,102.0,1296890,Ýndigo Kitap,Aslý Arslan,1,Ciltli,8,Türkçe
224,0001788076001,Suç ve Ceza,,/kitap/suc-ve-ceza/fyodor-mihaylovic-dostoyevski/edebiyat/roman/dunya-klasik/urunno=0001788076001,,45,64.6,1006854,Can Yayýnlarý,Fyodor Mihayloviç Dostoyevski,1,Ýnce Kapak,8,
225,0001976975001,Ötanazi Okulu 1,,/kitap/otanazi-okulu-1/maral-atmaca/edebiyat/roman/turkiye-roman/urunno=0001976975001,,1,79.2,1422703,Ephesus Yayýnlarý,Maral Atmaca,1,Ýnce Kapak,10,Türkçe
226,0000000157274,Ýmkansýzýn Þarkýsý,,/kitap/ýmkansizin-sarkisi/edebiyat/roman/dunya-roman/urunno=0000000157274,,2,80.6,312227,Doðan Kitap,Haruki Murakami,1,Ýnce Kapak,7,Türkçe
227,0000000238309,Sinekli Bakkal,,/kitap/sinekli-bakkal/edebiyat/roman/turk-klasik/urunno=0000000238309,,3,85.0,405326,Can Yayýnlarý,Halide Edib Adývar,1,Ýnce Kapak,7,Türkçe
228,0000000719355,Sýcak Kafa,,/kitap/sicak-kafa/edebiyat/roman/turkiye-roman/urunno=0000000719355,,4,38.4,593915,April Yayýncýlýk,Afþin Kum,1,Ýnce Kapak,6,Türkçe
229,0000000061556,Korkuyu Beklerken - Bütün Eserleri 4,,/kitap/korkuyu-beklerken-butun-eserleri-4/oguz-atay/edebiyat/roman/turkiye-roman/urunno=0000000061556,,5,55.5,361266,Ýletiþim Yayýnlarý,Oðuz Atay,1,Ýnce Kapak,8,Türkçe
230,0001755197001,Aptalý Tanýmak,,/kitap/aptali-tanimak/edebiyat/denemeyazin/urunno=0001755197001,,6,58.8,952790,Ýnkýlap Kitabevi,Celal Þengör,1,Ýnce Kapak,9,Türkçe
231,0000000326976,Bir Delinin Aný Defteri - Hasan Ali Yücel Klasikleri,,/kitap/bir-delinin-ani-defteri-hasan-ali-yucel-klasikleri/edebiyat/roman/dunya-klasik/urunno=0000000326976,,7,18.0,385362,Ýþ Bankasý Kültür Yayýnlarý,Nikolay Vasilyeviç Gogol,1,Ýnce Kapak,9,Türkçe
232,0001947006001,Þimdi Deðilse Ne Zaman?,,/kitap/simdi-degilse-ne-zaman/bahar-eris/edebiyat/deneme-yazin/urunno=0001947006001,,8,44.2,1365306,Alfa Yayýncýlýk,Bahar Eriþ,1,Ýnce Kapak,9,Türkçe
233,0001828877001,Araba Sevdasý,,/kitap/araba-sevdasi/recaizade-mahmut-ekrem/edebiyat/roman/turk-klasik/urunno=0001828877001,,9,23.2,1111648,Can Yayýnlarý,Recaizade Mahmut Ekrem,1,Ýnce Kapak,4,
234,0000000629557,Bülbülün Kýrk Þarkýsý,,/kitap/bulbulun-kirk-sarkisi/edebiyat/roman/turkiye-roman/urunno=0000000629557,,10,57.8,503478,Kapý Yayýnlarý,Ýskender Pala,1,Ýnce Kapak,8,Türkçe
235,0001964634001,Bodrum Katý - Tünelden Önceki Beyaz Ev,,/kitap/bodrum-kati-tunelden-onceki-beyaz-ev/ýsil-ýsik/edebiyat/roman/polisiye/urunno=0001964634001,,11,58.2,1398339,Yediveren Yayýnlarý,Iþýl Iþýk,1,Ýnce Kapak,9,Türkçe
236,0002003366001,Kaybolmuþ Ruhlar Sarayý 2: Senteria'nýn Varisi,,/kitap/kaybolmus-ruhlar-sarayi-2-senterianin-varisi/edebiyat/roman/turkiye-roman/urunno=0002003366001,,12,79.2,1474056,Ephesus Yayýnlarý,Dilara Keskin,1,Ýnce Kapak,6,Türkçe
237,0001828033002,Sýfýr Kilometre,,/kitap/sifir-kilometre/beyza-alkoc/edebiyat/roman/romantik/urunno=0001828033002,,13,78.0,1109938,Ýndigo Kitap,Beyza Alkoç,1,Ciltli,8,
238,0000000338073,Öteki - Hasan Ali Yücel Klasikleri,,/kitap/oteki-hasan-ali-yucel-klasikleri/fyodor-mihaylovic-dostoyevski/edebiyat/roman/dunya-klasik/urunno=0000000338073,,14,20.4,348200,Ýþ Bankasý Kültür Yayýnlarý,Fyodor Mihayloviç Dostoyevski,1,Ýnce Kapak,8,Türkçe
239,0000000268343,Henüz Vakit Varken Gülüm,,/kitap/henuz-vakit-varken-gulum/edebiyat/siir/turk-siiri/urunno=0000000268343,,15,21.0,476191,Yapý Kredi Yayýnlarý,Nazým Hikmet,1,Ýnce Kapak,8,Türkçe
240,0001977334002,Kraliçenin Kýzý  -  Kaybolmuþ Ruhlar Sarayý - 1,,/kitap/kralicenin-kizi-kaybolmus-ruhlar-sarayi-1/dilara-keskin/edebiyat/roman/turkiye-roman/urunno=0001977334002,,16,79.2,1426283,Ephesus Yayýnlarý,Dilara Keskin,1,Ýnce Kapak,5,Türkçe
241,0001755200001,Bir Toplum Nasýl Ýntihar Eder?,,/kitap/bir-toplum-nasil-ýntihar-eder/edebiyat/denemeyazin/urunno=0001755200001,,17,42.0,952794,Ýnkýlap Kitabevi,Celal Þengör,1,Ýnce Kapak,8,Türkçe
242,0000000633815,Kral Kaybederse,,/kitap/kral-kaybederse/edebiyat/roman/turkiye-roman/urunno=0000000633815,,18,77.0,467745,Remzi Kitabevi,Gülseren Budayýcýoðlu,1,Ýnce Kapak,7,Türkçe
243,0001946309001,Yaralasar 4,,/kitap/yaralasar-4/edebiyat/roman/turkiye-roman/urunno=0001946309001,,19,79.2,1363848,Ephesus Yayýnlarý,Maral Atmaca,1,Ýnce Kapak,8,Türkçe
244,0001759697001,Ýyi Geceler Bay Tom,,/kitap/ýyi-geceler-bay-tom/edebiyat/roman/macera/urunno=0001759697001,,20,51.8,959110,Beyaz Balina Yayýnlarý,Michelle Magorian,1,Ýnce Kapak,9,Türkçe
245,0001788928001,Güneþi Uyandýralým,,/kitap/gunesi-uyandiralim/jose-mauro-de-vasconcelos/edebiyat/roman/dunya-roman/urunno=0001788928001,,21,64.6,1002706,Can Yayýnlarý,Jose Mauro De Vasconcelos,1,Ýnce Kapak,8,Türkçe
246,0001843344001,Sokaðýn Zulasý,,/kitap/sokagin-zulasi/ahmet-umit/edebiyat/siir/turk-siiri/urunno=0001843344001,,22,31.2,1162152,Yapý Kredi Yayýnlarý,Ahmet Ümit,1,Ýnce Kapak,5,Türkçe
247,0002016567001,Ateþpare - 2,,/kitap/atespare-2/ceren-melek/edebiyat/roman/turkiye-roman/urunno=0002016567001,,23,89.4,1500554,Ephesus Yayýnlarý,Ceren Melek,1,Ciltli,10,Türkçe
248,0001841288001,Mutlu Olma Sanatý-Kýsa Klasik,,/kitap/mutlu-olma-sanati/arthur-schopenhauer/edebiyat/roman/dunya-klasik/urunno=0001841288001,,24,16.4,1157062,Can Yayýnlarý,Arthur Schopenhauer,1,Ýnce Kapak,6,Türkçe
249,0001994631001,Çatý Katý - Tünelden Önceki Beyaz Ev,,/kitap/cati-kati-tunelden-onceki-beyaz-ev/ýsil-ýsik/edebiyat/roman/polisiye/urunno=0001994631001,,25,58.2,1456870,Yediveren Yayýnlarý,Iþýl Iþýk,1,Ýnce Kapak,10,Türkçe
250,0001798372001,Anna Karenina - 2 Kitap Takým,,/kitap/anna-karenina-1cilt/lev-nikolayevic-tolstoy/edebiyat/roman/dunya-klasik/urunno=0001798372001,,26,74.8,1054231,Can Yayýnlarý,Lev Nikolayeviç Tolstoy,1,Ýnce Kapak,9,
251,0001956517001,Yalýn Tutku,,/kitap/yalin-tutku/annie-ernaux/edebiyat/roman/dunya-roman/urunno=0001956517001,,27,26.6,1384087,Can Yayýnlarý,Annie Ernaux,1,Ýnce Kapak,2,Türkçe
252,0002023230001,Aþýklara Yer Yok,,/kitap/asiklara-yer-yok/edebiyat/roman/turkiye-roman/urunno=0002023230001,,28,64.4,1513800,Doðan Kitap,Tarýk Tufan,1,Ýnce Kapak,0,Türkçe
253,0001715597001,Görmek,,/kitap/gormek/edebiyat/roman/dunya-roman/urunno=0001715597001,,29,96.6,880371,Kýrmýzý Kedi,Jose Saramago,1,Ýnce Kapak,6,
254,0002023605001,Baþka Dilde Aþk,,/kitap/baska-dilde-ask/edebiyat/roman/romantik/urunno=0002023605001,,30,63.0,1514528,Yabancý,Mia Sheridan,1,Ýnce Kapak,0,Türkçe
255,0000000264217,Hasretinden Prangalar Eskittim,,/kitap/hasretinden-prangalar-eskittim/edebiyat/siir/turk-siiri/urunno=0000000264217,,31,54.1,426398,Metis Yayýnlarý,Ahmed Arif,1,Ýnce Kapak,8,Türkçe
256,0000000061471,Bir Bilim Adamýnýn Romaný,,/kitap/bir-bilim-adaminin-romani/edebiyat/roman/turkiye-roman/urunno=0000000061471,,32,78.5,365958,Ýletiþim Yayýnlarý,Oðuz Atay,1,Ýnce Kapak,8,Türkçe
257,0000000187015,Harry Potter ve Melez Prens - 6. Kitap,,/kitap/harry-potter-ve-melez-prens-6-kitap/j-k-rowling/cocuk-ve-genclik/genclik-10-yas/fantastik-bilim-kurgu/urunno=0000000187015,,33,81.0,366583,Yapý Kredi Yayýnlarý,J. K. Rowling,1,Ýnce Kapak,9,Türkçe
258,0002016567002,Ateþpare - 2,,/kitap/atespare-2/ceren-melek/edebiyat/roman/turkiye-roman/urunno=0002016567002,,34,79.2,1500555,Ephesus Yayýnlarý,Ceren Melek,1,Ýnce Kapak,10,Türkçe
259,0001703855001,Mutlu Prens,,/kitap/mutlu-prens/edebiyat/roman/dunya-klasik/urunno=0001703855001,,35,9.6,858048,Ýþ Bankasý Kültür Yayýnlarý,Oscar Wilde,1,Ýnce Kapak,7,
260,0001952044001,Arkadaþýma Veda,,/kitap/arkadasima-veda/edebiyat/roman/turkiye-roman/urunno=0001952044001,,36,39.2,1375362,Ýnkýlap Kitabevi,Zülfü Livaneli,1,Ýnce Kapak,0,Türkçe
261,0001957149001,Verity: Gerçeðin Diðer Kýyýsý,,/kitap/verity-gercegin-diger-kiyisi/edebiyat/roman/romantik/urunno=0001957149001,,37,68.0,1385331,Epsilon Yayýnevi,Colleen Hoover,1,Ýnce Kapak,9,Türkçe
262,0000000451871,Benim Adým Kýrmýzý,,/kitap/benim-adim-kirmizi/edebiyat/roman/turkiye-roman/urunno=0000000451871,,38,57.0,311887,Yapý Kredi Yayýnlarý,Orhan Pamuk,1,Ýnce Kapak,7,Türkçe
263,0000000413442,Ruh Adam,,/kitap/ruh-adam/huseyin-nihal-atsiz/edebiyat/roman/turkiye-roman/urunno=0000000413442,,39,65.6,414859,Ötüken Neþriyat,Hüseyin Nihal Atsýz,1,Ýnce Kapak,9,Türkçe
264,0001852467001,Beyoðlu'nun En Güzel Abisi,,/kitap/beyoglunun-en-guzel-abisi/edebiyat/roman/polisiye/urunno=0001852467001,,40,69.0,1178588,Yapý Kredi Yayýnlarý,Ahmet Ümit,1,Ýnce Kapak,8,Türkçe
265,0000000215767,Kamelyalý Kadýn - Hasan Ali Yücel Klasikleri,,/kitap/kamelyali-kadin-hasan-ali-yucel-klasikleri/edebiyat/roman/dunya-klasik/urunno=0000000215767,,41,27.6,416977,Ýþ Bankasý Kültür Yayýnlarý,Alexandre Dumas,1,Ýnce Kapak,7,Türkçe
266,0001950245001,Þeytanýn Çýraðý,,/kitap/seytanin-ciragi/edebiyat/roman/polisiye/urunno=0001950245001,,42,25.2,1371758,Ýthaki Yayýnlarý,Þiro Hamao,1,Ýnce Kapak,5,Türkçe
267,0002022815001,Pandora'nýn Kutusu,,/kitap/pandoranin-kutusu/edebiyat/roman/dunya-klasik/urunno=0002022815001,,43,24.0,1512994,Ýthaki Yayýnlarý,Osamu Dazai,1,Ýnce Kapak,0,Türkçe
268,0000000148613,Uzun Hikaye,,/kitap/uzun-hikaye/edebiyat/turk-oyku/urunno=0000000148613,,44,28.0,356359,Dergah Yayýnlarý,Mustafa Kutlu,1,Ýnce Kapak,8,Türkçe
269,0001788078001,Prens,,/kitap/prens/niccola-machiavelli/edebiyat/roman/dunya-klasik/urunno=0001788078001,,45,21.8,1006858,Can Yayýnlarý,Niccola Machiavelli,1,Ýnce Kapak,7,
270,0000000266552,Bin Muhteþem Güneþ,,/kitap/bin-muhtesem-gunes/edebiyat/roman/dunya-roman/urunno=0000000266552,,1,85.0,458012,Everest Yayýnlarý,Khaled Hosseini,1,Ýnce Kapak,8,
271,0000000064402,Delifiþek,,/kitap/delifisek/edebiyat/roman/dunya-roman/urunno=0000000064402,,2,34.0,389571,Can Çocuk Yayýnlarý,Jose Mauro De Vasconcelos,1,Ýnce Kapak,7,Türkçe
272,0001914462002,No.26,,/kitap/no26/beyza-alkoc/edebiyat/roman/turkiye-roman/urunno=0001914462002,,3,78.0,1301948,Ýndigo Kitap,Beyza Alkoç,1,Ciltli,8,Türkçe
273,0000000343174,Yeþil Peri Gecesi,,/kitap/yesil-peri-gecesi/edebiyat/roman/turkiye-roman/urunno=0000000343174,,4,85.0,389025,Can Yayýnlarý,Ayfer Tunç,1,Ýnce Kapak,8,Türkçe
274,0000000061527,Tatar Çölü,,/kitap/tatar-colu/edebiyat/roman/dunya-roman/urunno=0000000061527,,5,73.5,361262,Ýletiþim Yayýnlarý,Dino Buzzati,1,Ýnce Kapak,7,Türkçe
275,0001719411001,Aylak Adam,,/kitap/aylak-adam/edebiyat/roman/turkiye-roman/urunno=0001719411001,,6,42.2,887059,Can Yayýnlarý,Yusuf Atýlgan,1,Ýnce Kapak,7,
276,0001858060001,Aþk-Memnu-Günümüz Türkçesiyle,,/kitap/ask-memnu-gunumuz-turkcesiyle/halid-ziya-usakligil/edebiyat/roman/turk-klasik/urunno=0001858060001,,7,27.6,1189946,Ýþ Bankasý Kültür Yayýnlarý,Halid Ziya Uþaklýgil,1,Ýnce Kapak,9,Türkçe
277,0002016767001,Bavula Sýðmayan,,/kitap/bavula-sigmayan/nermin-yildirim/edebiyat/roman/turkiye-roman/urunno=0002016767001,,8,46.8,1501009,Hep Kitap,Nermin Yýldýrým,1,Ýnce Kapak,0,Türkçe
278,0001872390002,Kar Küresi,,/kitap/kar-kuresi/beyza-alkoc/edebiyat/roman/romantik/urunno=0001872390002,,9,78.0,1218039,Ýndigo Kitap,Beyza Alkoç,1,Ciltli,7,Türkçe
279,0001942037001,Ne Ýçin Varsan Onun Ýçin Yaþa - Bir Arayýþýn Romaný,,/kitap/ne-ýcin-varsan-onun-ýcin-yasa-bir-arayisin-romani/edebiyat/roman/turkiye-roman/urunno=0001942037001,,10,52.8,1355715,Destek Yayýnlarý,Hikmet Anýl Öztekin,1,Ýnce Kapak,7,Türkçe
280,0001909085001,Haysiyet - Tuhaf Zamanlarda Cesurca Yaþamak,,/kitap/haysiyet-tuhaf-zamanlarda-cesurca-yasamak/ece-uner/edebiyat/deneme-yazin/urunno=0001909085001,,11,56.4,1291026,Destek Yayýnlarý,Ece Üner,1,Ýnce Kapak,6,Türkçe
281,0000000222103,Huzursuzluðun Kitabý,,/kitap/huzursuzlugun-kitabi/edebiyat/anlati/urunno=0000000222103,,12,98.6,367429,Can Yayýnlarý,Fernando Pessoa,1,Ýnce Kapak,7,Türkçe
282,0000000291905,Asla Kimseyi Öldürmedi Benim Babam,,/kitap/asla-kimseyi-oldurmedi-benim-babam/edebiyat/anlati/urunno=0000000291905,,13,20.5,527454,Yapý Kredi Yayýnlarý,Jean-Louis Fournier,1,Ýnce Kapak,10,Türkçe
283,0000000147956,Filler Sultaný ile Kýrmýzý Sakallý Topal Karýnca,,/kitap/filler-sultani-ýle-kirmizi-sakalli-clz/edebiyat/roman/turkiye-roman/urunno=0000000147956,,14,49.8,356163,Yapý Kredi Yayýnlarý,Yaþar Kemal,1,Ýnce Kapak,9,Türkçe
284,0000000284427,Ölüm Sessiz Geldi,,/kitap/olum-sessiz-geldi/edebiyat/roman/polisiye/urunno=0000000284427,,15,57.2,314140,Altýn Kitaplar,Agatha Christie,1,Ýnce Kapak,8,Türkçe
285,0001846489001,Sultaný Öldürmek,,/kitap/sultani-oldurmek/ahmet-umit/edebiyat/roman/polisiye/urunno=0001846489001,,16,66.0,1166564,Yapý Kredi Yayýnlarý,Ahmet Ümit,1,Ýnce Kapak,8,Türkçe
286,0001716966001,Sol Ayaðým,,/kitap/sol-ayagim/edebiyat/roman/dunya-roman/urunno=0001716966001,,17,50.7,883118,Nora,Christy Brown,1,Ýnce Kapak,8,Türkçe
287,0002026804001,Fahim Bey ve Biz - Kitap Boy,,/kitap/fahim-bey-ve-biz-kitap-boy/abdulhak-sinasi-hisar/edebiyat/roman/turkiye-roman/urunno=0002026804001,,18,44.2,1520963,Everest Yayýnlarý,Abdülhak Þinasi Hisar,1,Ýnce Kapak,10,Türkçe
288,0001996631001,Boþ Dolaplar,,/kitap/bos-dolaplar/edebiyat/roman/dunya-roman/urunno=0001996631001,,19,36.1,1460796,Can Yayýnlarý,Annie Ernaux,1,Ýnce Kapak,0,Türkçe
289,0001858461001,Fabrika Ayarý,,/kitap/fabrika-ayari/hayati-ýnanc/edebiyat/roportaj/urunno=0001858461001,,20,39.4,1190748,Profil Kitap,Hayati Ýnanç,1,Ýnce Kapak,7,Türkçe
290,0001703856001,Alice Harikalar Diyarýnda,,/kitap/alice-harikalar-diyarinda-modern-klasikler-97/lewis-carroll/edebiyat/roman/dunya-klasik/urunno=0001703856001,,21,13.2,858051,Ýþ Bankasý Kültür Yayýnlarý,Lewis Carroll,1,Ýnce Kapak,7,
291,0002016835001,Ýtiraf,,/kitap/itiraf/edebiyat/roman/dunya-roman/urunno=0002016835001,,22,68.0,1501130,Epsilon Yayýnevi,Colleen Hoover,1,Ýnce Kapak,10,Türkçe
292,0001904543001,Tek Yalnýz Ben Deðilim,,/kitap/tek-yalniz-ben-degilim/edebiyat/anlati/urunno=0001904543001,,23,27.4,1281639,Yapý Kredi Yayýnlarý,Jean-Louis Fournier,1,Ýnce Kapak,0,Türkçe
293,0001744842001,Bir Kuzey Macerasý,,/kitap/bir-kuzey-macerasi-modern-klasikler-111/jack-london/edebiyat/roman/dunya-klasik/urunno=0001744842001,,24,12.0,936335,Ýþ Bankasý Kültür Yayýnlarý,Jack London,1,Ýnce Kapak,8,
294,0000000450297,Ölüm Bir Varmýþ Bir Yokmuþ,,/kitap/olum-bir-varmis-bir-yokmus/edebiyat/roman/dunya-roman/urunno=0000000450297,,25,69.0,353496,Kýrmýzý Kedi,Jose Saramago,1,Ýnce Kapak,8,Türkçe
295,0001984231001,Nasýl Ölünür - Hasan Ali Yücel Klasikler,,/kitap/nasil-olunur-hasan-ali-yucel-klasikler/edebiyat/roman/dunya-klasik/urunno=0001984231001,,26,12.0,1436168,Ýþ Bankasý Kültür Yayýnlarý,Emile Zola,1,Ýnce Kapak,4,Türkçe
296,0001999674001,Dinle Beni - Bir Rizzoli ve Isles Macerasý,,/kitap/dinle-beni-bir-rizzoli-ve-ýsles-macerasi/tess-gerritsen/edebiyat/roman/polisiye/urunno=0001999674001,,27,64.4,1466758,Doðan Kitap,Tess Gerritsen,1,Ýnce Kapak,5,Türkçe
297,0001883567001,Sevda Sözleri - Bütün Þiirleri,,/kitap/sevda-sozleri-butun-siirleri/edebiyat/siir/turk-siiri/urunno=0001883567001,,28,71.4,1239740,Can Yayýnlarý,Cemal Süreya,1,Ýnce Kapak,7,Türkçe
298,0000000224840,Sezen Aksu - Eksik Þiir - Þarký Sözleri (1977-2006),,/kitap/sezen-aksu-eksik-siir-sarki-sozleri-1977-2006/edebiyat/siir/turk-siiri/urunno=0000000224840,,29,68.7,368482,Metis Yayýnlarý,Sezen Aksu,1,Ýnce Kapak,8,Türkçe
299,0002016998002,Emare - Sarmaþýk,,/kitap/emare-sarmasik/asli-arslan/edebiyat/roman/turkiye-roman/urunno=0002016998002,,30,102.0,1501469,Ýndigo Kitap,Aslý Arslan,1,Ciltli,9,Türkçe
300,0001999887001,Silmarillion,,/kitap/silmarillion/jrr-tolkien/edebiyat/roman/fantastik/urunno=0001999887001,,31,108.0,1466964,Ýthaki Yayýnlarý,J. R. R. Tolkien,1,Ýnce Kapak,10,Türkçe
301,0002025852002,Benim Küçük Sýrrým - 3,,/kitap/benim-kucuk-sirrim-3/dilara-keskin/edebiyat/roman/turkiye-roman/urunno=0002025852002,,32,89.4,1518914,Ephesus Yayýnlarý,Dilara Keskin,1,Ciltli,0,Türkçe
302,0002026559001,Ýmzalý - Bavula Sýðmayan,,/kitap/imzali-bavula-sigmayan/nermin-yildirim/edebiyat/roman/turkiye-roman/urunno=0002026559001,,33,46.8,1520440,Hep Kitap,Nermin Yýldýrým,1,Ýnce Kapak,0,Türkçe
303,0000000289443,Babalar ve Oðullar - Hasan Ali Yücel Klasikleri,,/kitap/babalar-ve-ogullar-hasan-ali-yucel-klasikleri/edebiyat/roman/dunya-klasik/urunno=0000000289443,,34,24.0,400148,Ýþ Bankasý Kültür Yayýnlarý,Ivan Sergeyeviç Turgenyev,1,Ýnce Kapak,5,Türkçe
304,0001778480001,Rahel Tanrý'yla Hesaplaþýyor,,/kitap/rahel-tanriyla-hesaplasiyor/stefan-zweig/edebiyat/roman/dunya-klasik/urunno=0001778480001,,35,13.2,986880,Ýþ Bankasý Kültür Yayýnlarý,Stefan Zweig,1,Ýnce Kapak,8,
305,0001930867002,Her Kalp Kýrýlýr,,/kitap/her-kalp-kirilir/colleen-hoover/edebiyat/roman/romantik/urunno=0001930867002,,36,79.2,1345167,Ephesus Yayýnlarý,Colleen Hoover,1,Ýnce Kapak,8,Türkçe
306,0001870779001,Konstantiniyye Oteli,,/kitap/konstantiniyye-oteli/zulfu-livaneli/edebiyat/roman/turkiye-roman/urunno=0001870779001,,37,85.4,1214630,Ýnkýlap Kitabevi,Zülfü Livaneli,1,Ýnce Kapak,7,Türkçe
307,0001833804001,Sergüzeþt-Günümüz Türkçesiyle,,/kitap/serguzest-gunumuz-turkcesiyle/samipasazade-sezai/edebiyat/roman/turk-klasik/urunno=0001833804001,,38,12.0,1121421,Ýþ Bankasý Kültür Yayýnlarý,Samipaþazade Sezai,1,Ýnce Kapak,10,Türkçe
308,0001978262001,Dem Bu Demdir Saat Bu Saat - Gönül Sadasý'ndan Akisler - 4,,/kitap/dem-bu-demdir-saat-bu-saat-gonul-sadasindan-akisler-4/edebiyat/roportaj/urunno=0001978262001,,39,47.6,1425342,Turkuvaz Kitap,Sadettin Ökten,1,Ýnce Kapak,0,Türkçe
309,0001910999001,Kendine Hoþ Geldin,,/kitap/kendine-hos-geldin/edebiyat/deneme-yazin/urunno=0001910999001,,40,38.4,1294937,Ýndigo Kitap,Miraç Çaðrý Aktaþ,1,Ýnce Kapak,6,Türkçe
310,0000000068759,Bir Çift Yürek,,/kitap/bir-cift-yurek/edebiyat/dunya-gunluk-ani/urunno=0000000068759,,41,53.1,305984,Klan Yayýnlarý,Marlo Morgan,1,Ýnce Kapak,7,Türkçe
311,0001778031001,Süt Lekesi,,/kitap/sut-lekesi/edebiyat/roman/turkiye-roman/urunno=0001778031001,,42,52.8,986390,Destek Yayýnlarý,Esra Ezmeci,1,Ýnce Kapak,6,Türkçe
312,0001822342001,Goriot Baba-Hasan Ali Yücel Klasikler,,/kitap/goriot-baba-hasan-ali-yucel-klasikler/edebiyat/roman/dunya-klasik/urunno=0001822342001,,43,28.8,1100735,Ýþ Bankasý Kültür Yayýnlarý,Honore de Balzac,1,Ýnce Kapak,10,
313,0000000670887,Benim Adým Neymar,,/kitap/benim-adim-neymar/edebiyat/biyografi-oto-biyografi/urunno=0000000670887,,44,29.3,516710,Beyaz Balina Yayýnlarý,Michael Part,1,Ýnce Kapak,4,Türkçe
314,0001902803001,Seneler,,/kitap/seneler/annie-ernaux/edebiyat/roman/dunya-roman/urunno=0001902803001,,45,54.4,1278064,Can Yayýnlarý,Annie Ernaux,1,Ýnce Kapak,6,Türkçe
315,0000000023491,Kadýnýn Adý Yok,,/kitap/kadinin-adi-yok/edebiyat/roman/turkiye-roman/urunno=0000000023491,,1,64.4,378590,Doðan Kitap,Duygu Asena,1,Ýnce Kapak,7,Türkçe
316,0000000550644,Kara Kitap,,/kitap/kara-kitap/edebiyat/roman/turkiye-roman/urunno=0000000550644,,2,58.8,299950,Yapý Kredi Yayýnlarý,Orhan Pamuk,1,Ýnce Kapak,8,Türkçe
317,0000000143252,Sýrça Köþk,,/kitap/sirca-kosk/edebiyat/turk-oyku/urunno=0000000143252,,3,15.0,358686,Yapý Kredi Yayýnlarý,Sabahattin Ali,1,Ýnce Kapak,8,Türkçe
318,0001959038001,Hepimiz Gökyüzü Olmak Ýstedik - Lordlar ve Varisler,,/kitap/hepimiz-gokyuzu-olmak-istedik-lordlar-ve-varisler/ng-kabal/edebiyat/roman/fantastik/urunno=0001959038001,,4,80.7,1389165,Martý Yayýnlarý,N.G. Kabal,1,Ýnce Kapak,8,Türkçe
319,0002016956002,Emare - Maske,,/kitap/emare-maske/asli-arslan/edebiyat/roman/turkiye-roman/urunno=0002016956002,,5,102.0,1501446,Ýndigo Kitap,Aslý Arslan,1,Ciltli,6,Türkçe
320,0001862356001,Ruhi Mücerret,,/kitap/ruhi-mucerret/murat-mentes/edebiyat/roman/polisiye/urunno=0001862356001,,6,51.0,1198337,Alfa Yayýncýlýk,Murat Menteþ,1,Ýnce Kapak,8,Türkçe
321,0000000219081,Kaplumbaðalar,,/kitap/kaplumbagalar/edebiyat/roman/turkiye-roman/urunno=0000000219081,,7,94.5,420148,Literatür Yayýncýlýk,Fakir Baykurt,1,Ýnce Kapak,9,Türkçe
322,0001699657001,Uçurtma Avcýsý-Midi Boy,,/kitap/ucurtma-avcisi-midi-boy/edebiyat/roman/dunya-roman/urunno=0001699657001,,8,30.6,849853,Everest Yayýnlarý,Khaled Hosseini,1,Cep Boy,8,
323,0000000670736,Muhteþem Gatsby,,/kitap/muhtesem-gatsby/f-scott-fitzgerald/edebiyat/roman/dunya-roman/urunno=0000000670736,,9,18.0,515140,Ýþ Bankasý Kültür Yayýnlarý,F. Scott Ftzgerald,1,Ýnce Kapak,7,Türkçe
324,0001965489001,Dýþ Güzellik Yasaklansýn Ruh Güzelliðine Geçelim,,/kitap/dis-guzellik-yasaklansin-ic-guzelligine-gecelim/edebiyat/roman/turkiye-roman/urunno=0001965489001,,10,36.9,1400045,Sahi Kitap,Yasemin Sakallýoðlu,1,Ýnce Kapak,7,Türkçe
325,0001926000001,Dahi Messi,,/kitap/dahi-messi/edebiyat/biyografi-oto-biyografi/urunno=0001926000001,,11,31.5,1323360,Dokuz Yayýnlarý,Diego Roberto,1,Ýnce Kapak,8,Türkçe
326,0001788074001,Komünist Manifesto,,/kitap/komunist-manifesto/edebiyat/roman/dunya-klasik/urunno=0001788074001,,12,19.1,1006850,Can Yayýnlarý,Karl Marx,1,Ýnce Kapak,7,
327,0001992968001,Mermer Adam,,/kitap/mermer-adam/edebiyat/roman/polisiye/urunno=0001992968001,,13,109.9,1453476,Doðan Kitap,Jean-Christophe Grange,1,Ýnce Kapak,8,Türkçe
328,0001963191001,Hayatýn Sesi,,/kitap/hayatin-sesi/gulseren-budayicioglu/edebiyat/deneme-yazin/urunno=0001963191001,,14,64.4,1395382,Doðan Kitap,Gülseren Budayýcýoðlu,1,Ýnce Kapak,5,Türkçe
329,0000000064192,Gülün Adý,,/kitap/gulun-adi/edebiyat/roman/dunya-roman/urunno=0000000064192,,15,98.6,389488,Can Yayýnlarý,Umberto Eco,1,Ýnce Kapak,8,Türkçe
330,0001705120001,Otostopçunun Galaksi Rehberi,,/kitap/otostopcunun-galaksi-rehberi/edebiyat/roman/bilim-kurgu/urunno=0001705120001,,16,44.2,860364,Alfa Yayýncýlýk,Douglas Adams,1,Ýnce Kapak,7,
331,0001925999001,Sihirbaz Neymar,,/kitap/sihirbaz-neymar/edebiyat/biyografi-oto-biyografi/urunno=0001925999001,,17,31.5,1323359,Dokuz Yayýnlarý,Diego Roberto,1,Ýnce Kapak,2,Türkçe
332,0001926495001,Tünelden Önceki Beyaz Ev,,/kitap/tunelden-onceki-beyaz-ev/ýsil-ýsik/edebiyat/roman/polisiye/urunno=0001926495001,,18,58.2,1324361,Yediveren Yayýnlarý,Iþýl Iþýk,1,Ýnce Kapak,9,Türkçe
333,0000000156740,Gün Olur Asra Bedel,,/kitap/gun-olur-asra-bedel/edebiyat/roman/dunya-roman/urunno=0000000156740,,19,53.3,312122,Ötüken Neþriyat,Cengiz Aytmatov,1,Ýnce Kapak,8,Türkçe
334,0000000060895,Açlýk,,/kitap/aclik/knut-hamsun/edebiyat/roman/dunya-klasik/urunno=0000000060895,,20,32.0,356475,Varlýk Yayýnlarý,Knut Hamsun,1,Ýnce Kapak,8,Türkçe
335,0001776480001,Günümüz Türkçesiyle Felatun Bey ile Rakým Efendi,,/kitap/gunumuz-turkcesiyle-felatun-bey-ile-rakim-efendi/ahmed-midhat-efendi/edebiyat/roman/turk-klasik/urunno=0001776480001,,21,15.6,983808,Ýþ Bankasý Kültür Yayýnlarý,Ahmed Midhat Efendi,1,Ýnce Kapak,8,
336,0001918117001,Tepenin Laneti,,/kitap/tepenin-laneti/john-verdon/edebiyat/roman/polisiye/urunno=0001918117001,,22,66.8,1307691,Koridor Yayýncýlýk,John Verdon,1,Ýnce Kapak,8,Türkçe
337,0001871346001,Eylül-Günümüz Türkçesiyle-Türk Edebiyatý Klasikleri,,/kitap/eylul-gunumuz-turkcesiyle-turk-edebiyati-klasikleri/mehmet-rauf/edebiyat/roman/turk-klasik/urunno=0001871346001,,23,22.8,1215863,Ýþ Bankasý Kültür Yayýnlarý,Mehmet Rauf,1,Ýnce Kapak,7,Türkçe
338,0001757454001,Kýzýl-Modern Klasikler Dizisi 116,,/kitap/kizil-modern-klasikler-dizisi-116/edebiyat/roman/dunya-klasik/urunno=0001757454001,,24,9.6,956866,Ýþ Bankasý Kültür Yayýnlarý,Stefan Zweig,1,Ýnce Kapak,9,
339,0001910517001,Orta Zekalýlar Cenneti,,/kitap/orta-zekalilar-cenneti/zulfu-livaneli/edebiyat/deneme-yazin/urunno=0001910517001,,25,56.0,1293918,Ýnkýlap Kitabevi,Zülfü Livaneli,1,Ýnce Kapak,5,Türkçe
340,0000000644405,Uyumsuz Defne Kaman'ýn Maceralarý-Toprak,,/kitap/uyumsuz-defne-kamanin-maceralari-toprak/edebiyat/roman/turkiye-roman/urunno=0000000644405,,26,85.0,303609,Everest Yayýnlarý,Buket Uzuner,1,Ýnce Kapak,6,Türkçe
341,0001949789001,Kalk Yerine Yat,,/kitap/kalk-yerine-yat/edebiyat/roman/turkiye-roman/urunno=0001949789001,,27,51.4,1370919,Doðan Kitap,Þermin Yaþar,1,Ýnce Kapak,6,Türkçe
342,0001959039001,Hepimiz Gökyüzü Olmak Ýstedik - Krallar ve Soytarýlarý,,/kitap/hepimiz-gokyuzu-olmak-istedik-krallar-ve-soytarilari/ng-kabal/edebiyat/roman/fantastik/urunno=0001959039001,,28,80.7,1389167,Martý Yayýnlarý,N.G. Kabal,1,Ýnce Kapak,10,Türkçe
343,0000000562853,Cevdet Bey ve Oðullarý,,/kitap/cevdet-bey-ve-ogullari/edebiyat/roman/turkiye-roman/urunno=0000000562853,,29,55.2,438250,Yapý Kredi Yayýnlarý,Orhan Pamuk,1,Ýnce Kapak,8,Türkçe
344,0001798371001,Yeraltýndan Notlar,,/kitap/yeraltindan-notlar/fyodor-mihaylovic-dostoyevski/edebiyat/roman/dunya-klasik/urunno=0001798371001,,30,20.4,1054229,Can Yayýnlarý,Fyodor Mihayloviç Dostoyevski,1,Ýnce Kapak,9,
345,0001963061001,Londra'dan Sevgilerle,,/kitap/londradan-sevgilerle/sarah-jio/edebiyat/roman/romantik/urunno=0001963061001,,31,81.8,1395113,Epsilon Yayýnevi,Sarah Jio,1,Ýnce Kapak,8,Türkçe
346,0001736453001,Abum Rabum,,/kitap/abum-rabum/edebiyat/roman/polisiye/urunno=0001736453001,,32,70.4,921069,Kapý Yayýnlarý,Ýskender Pala,1,Ýnce Kapak,7,
347,0000000664807,Yakýcý Sýr,,/kitap/yakici-sir/stefan-zweig/edebiyat/roman/dunya-roman/urunno=0000000664807,,33,12.0,507873,Ýþ Bankasý Kültür Yayýnlarý,Stefan Zweig,1,Ýnce Kapak,8,Türkçe
348,0000000389862,Deli Kýzýn Türküsü,,/kitap/deli-kizin-turkusu/edebiyat/siir/turk-siiri/urunno=0000000389862,,34,9.6,408065,Yapý Kredi Yayýnlarý,Gülten Akýn,1,Ýnce Kapak,9,Türkçe
349,0001793197001,Gör Beni-Ýki Devrin Hikayesi,,/kitap/gor-beni-ýki-devrin-hikayesi/azra-kohen/edebiyat/roman/turkiye-roman/urunno=0001793197001,,35,85.0,1043569,Everest Yayýnlarý,Akilah Azra Kohen,1,Ýnce Kapak,7,Türkçe
350,0000000128674,Bütün Þiirleri - Orhan Veli,,/kitap/butun-siirleri-orhan-veli/edebiyat/siir/turk-siiri/urunno=0000000128674,,36,21.0,370538,Yapý Kredi Yayýnlarý,Orhan Veli Kanýk,1,Ýnce Kapak,8,Türkçe
351,0001776389001,Uyumsuz Defne Kaman'ýn Maceralarý-Hava,,/kitap/uyumsuz-defne-kamanin-maceralari-hava/edebiyat/roman/turkiye-roman/urunno=0001776389001,,37,61.2,982851,Everest Yayýnlarý,Buket Uzuner,1,Ýnce Kapak,4,
352,0001690961001,Doktor OX'un Deneyi,,/kitap/doktor-oxun-deneyi/edebiyat/roman/dunya-roman/urunno=0001690961001,,38,13.2,834185,Ýþ Bankasý Kültür Yayýnlarý,Jules Verne,1,Ýnce Kapak,7,Türkçe
353,0001788071001,Oliver Twist,,/kitap/oliver-twist/charles-dickens/edebiyat/roman/dunya-klasik/urunno=0001788071001,,39,50.4,1006844,Can Yayýnlarý,Charles Dickens,1,Ýnce Kapak,8,
354,0001774122001,Böðürtlen Kýþý,,/kitap/bogurtlen-kisi/edebiyat/roman/romantik/urunno=0001774122001,,40,55.3,979722,Pena Yayýnlarý,Sarah Jio,1,Ýnce Kapak,8,
355,0002016762001,Ýmzalý - Cebimdeki Ekmek Kýrýntýlarý,,/kitap/imzali-cebimdeki-ekmek-kirintilari/ercan-kesal/edebiyat/soylesi/urunno=0002016762001,,41,34.0,1501040,Kronik Kitap,Ercan Kesal,1,Ýnce Kapak,0,Türkçe
356,0001921994001,Alfa Kadýný Olmak,,/kitap/alfa-kadini-olmak/edebiyat/deneme-yazin/urunno=0001921994001,,42,39.0,1315208,Olimpos Yayýnlarý,Hakan Özkan,1,Ýnce Kapak,9,Türkçe
357,0000000683683,Mai ve Siyah - Günümüz Türkçesiyle,,/kitap/mai-ve-siyah-gunumuz-turkcesiyle/edebiyat/roman/turk-klasik/urunno=0000000683683,,43,24.5,529494,Can Yayýnlarý,Halid Ziya Uþaklýgil,1,Ýnce Kapak,8,Türkçe
358,0002023314001,Harika Bir Hayat,,/kitap/harika-bir-hayat/edebiyat/roman/turkiye-roman/urunno=0002023314001,,44,71.4,1514047,Can Yayýnlarý,Hikmet Hükümenoðlu,1,Ýnce Kapak,0,Türkçe
359,0000000381013,Ýntihar Dükkaný,,/kitap/ýntihar-dukkani/edebiyat/roman/dunya-roman/urunno=0000000381013,,45,45.5,426346,Sel Yayýncýlýk,Jean Teule,1,Ýnce Kapak,9,Türkçe
360,0002025542001,Boyalý Külah,,/kitap/boyali-kulah/edebiyat/roman/dunya-roman/urunno=0002025542001,,1,56.3,1518280,Çalýkuþu,Yýldýrým Dursun,1,Ýnce Kapak,10,Türkçe
361,0001988307001,Palandöken,,/kitap/palandoken/edebiyat/roman/turkiye-roman/urunno=0001988307001,,2,106.7,1444522,Epsilon Yayýnevi,Üstün Dökmen,1,Ýnce Kapak,0,Türkçe
362,0001691898001,Dokunmadan,,/kitap/dokunmadan/edebiyat/roman/turkiye-roman/urunno=0001691898001,,3,50.5,835971,Hep Kitap,Nermin Yýldýrým,1,Ýnce Kapak,7,
363,0000000125143,Görünmez Kentler,,/kitap/gorunmez-kentler/edebiyat/denemeyazin/urunno=0000000125143,,4,39.0,370391,Yapý Kredi Yayýnlarý,Italo Calvino,1,Ýnce Kapak,7,Türkçe
364,0002016969001,Gothikana,,/kitap/gothikana/runyx/edebiyat/roman/romantik/urunno=0002016969001,,5,63.3,1501377,Martý Yayýnlarý,Runyx,1,Ýnce Kapak,10,Türkçe
365,0002017422001,Kurt Kanunu,,/kitap/kurt-kanunu/edebiyat/roman/turkiye-roman/urunno=0002017422001,,6,65.8,1502300,Ketebe,Kemal Tahir,1,Ýnce Kapak,0,Türkçe
366,0002018611001,Doðum Günü Kýzý,,/kitap/dogum-gunu-kizi/edebiyat/roman/romantik/urunno=0002018611001,,7,83.9,1504677,DEX,Penelope Douglas,1,Ýnce Kapak,9,Türkçe
367,0000000061061,Yalnýzýz,,/kitap/yalniziz/edebiyat/roman/turk-klasik/urunno=0000000061061,,8,69.7,359163,Ötüken Neþriyat,Peyami Safa,1,Ýnce Kapak,8,Türkçe
368,0001744882001,Sýnýr,,/kitap/sinir/edebiyat/roman/romantik/urunno=0001744882001,,9,66.0,933337,Ýndigo Kitap,Beyza Alkoç,1,Ýnce Kapak,8,
369,0002016997002,Emare - Pusula,,/kitap/emare-pusula/asli-arslan/edebiyat/roman/turkiye-roman/urunno=0002016997002,,10,87.0,1501467,Ýndigo Kitap,Aslý Arslan,1,Ciltli,7,Türkçe
370,0001925998001,Korkusuz Ronaldo,,/kitap/korkusuz-ronaldo/edebiyat/biyografi-oto-biyografi/urunno=0001925998001,,11,31.5,1323358,Dokuz Yayýnlarý,Diego Roberto,1,Ýnce Kapak,8,Türkçe
371,0000000689378,Frankenstein Ya Da Modern Prometheus,,/kitap/frankenstein-ya-da-modern-prometheus/edebiyat/roman/bilim-kurgu/urunno=0000000689378,,12,25.2,533851,Ýþ Bankasý Kültür Yayýnlarý,Mary Shelley,1,Ýnce Kapak,0,Türkçe
372,0002031689001,7 Veren'in Aþký,,/kitap/7-verenin-ask-i/seyma-yigitoglu-yalcin/edebiyat/siir/turk-siiri/urunno=0002031689001,,13,28.8,1529400,Karina Yayýnevi,Þeyma Yiðitoðlu Yalçýn,1,Ýnce Kapak,0,Türkçe
373,0001719412001,Anayurt Oteli,,/kitap/anayurt-oteli/edebiyat/roman/turkiye-roman/urunno=0001719412001,,14,34.0,887085,Can Yayýnlarý,Yusuf Atýlgan,1,Ýnce Kapak,6,
374,0000000061060,Matmazel Noralya'nýn Koltuðu,,/kitap/matmazel-noralyanin-koltugu/edebiyat/roman/turk-klasik/urunno=0000000061060,,15,57.4,362038,Ötüken Neþriyat,Peyami Safa,1,Ýnce Kapak,8,Türkçe
375,0000000678994,Piraye,,/kitap/piraye/canan-tan/edebiyat/roman/turkiye-roman/urunno=0000000678994,,16,83.9,524735,Doðan Kitap,Canan Tan,1,Ýnce Kapak,8,Türkçe
376,0000000110868,Kör Baykuþ,,/kitap/kor-baykus/edebiyat/roman/dunya-roman/urunno=0000000110868,,17,19.2,362057,Yapý Kredi Yayýnlarý,Sadýk Hidayet,1,Ýnce Kapak,7,Türkçe
377,0002024171001,Ýstanbullu Hikayeler,,/kitap/istanbullu-hikayeler/osman-balcigil/edebiyat/roman/turkiye-roman/urunno=0002024171001,,18,36.0,1515609,Karakarga,Osman Balcýgil,1,Ýnce Kapak,0,Türkçe
378,0000000229312,Beni Asla Býrakma,,/kitap/beni-asla-birakma/edebiyat/roman/dunya-roman/urunno=0000000229312,,19,30.0,391172,Yapý Kredi Yayýnlarý,Kazuo Ishiguro,1,Ýnce Kapak,7,Türkçe
379,0000000147958,Üç Anadolu Efsanesi,,/kitap/uc-anadolu-efsanesi/edebiyat/roman/turkiye-roman/urunno=0000000147958,,20,36.0,358903,Yapý Kredi Yayýnlarý,Yaþar Kemal,1,Ýnce Kapak,7,Türkçe
380,0001747507001,Pembe Fili Düþünme,,/kitap/pembe-fili-dusunme/edebiyat/denemeyazin/urunno=0001747507001,,21,43.4,939649,Ýnkýlap Kitabevi,Zeynep Selvili Çarmýklý,1,Ýnce Kapak,5,
381,0000000117448,Büyük Saat,,/kitap/buyuk-saat/edebiyat/siir/turk-siiri/urunno=0000000117448,,22,57.0,366605,Yapý Kredi Yayýnlarý,Turgut Uyar,1,Ýnce Kapak,8,Türkçe
382,0000000360232,Az,,/kitap/az/edebiyat/roman/turkiye-roman/urunno=0000000360232,,23,83.9,383834,Doðan Kitap,Hakan Günday,1,Ýnce Kapak,8,Türkçe
383,0001784859001,Sevgili Arsýz Ölüm,,/kitap/sevgili-arsiz-olum/edebiyat/roman/turkiye-roman/urunno=0001784859001,,24,57.8,997817,Can Yayýnlarý,Latife Tekin,1,Ýnce Kapak,6,
384,0000000228888,Gül Yetiþtiren Adam,,/kitap/gul-yetistiren-adam/edebiyat/roman/turkiye-roman/urunno=0000000228888,,25,43.4,348670,Ýz Yayýncýlýk,Rasim Özdenören,1,Ýnce Kapak,6,Türkçe
385,0000000708515,Franz Kafka Babaya Mektup,,/kitap/franz-kafka-babaya-mektup/franz-kafka/edebiyat/dunya-mektup/urunno=0000000708515,,26,12.0,578006,Ýþ Bankasý Kültür Yayýnlarý,Franz Kafka,1,Ýnce Kapak,8,Türkçe
386,0000000058308,Bütün Þiirleri - Sabahattin Ali,,/kitap/butun-siirleri-sabahattin-ali/edebiyat/siir/turk-siiri/urunno=0000000058308,,27,15.0,496470,Yapý Kredi Yayýnlarý,Sabahattin Ali,1,Ýnce Kapak,9,Türkçe
387,0002026951001,Oyun - Modern Klasikler 208,,/kitap/oyun-modern-klasikler-208/edebiyat/roman/dunya-klasik/urunno=0002026951001,,28,15.6,1521263,Ýþ Bankasý Kültür Yayýnlarý,Jack London,1,Ýnce Kapak,0,Türkçe
388,0000000147957,Sarý Sýcak,,/kitap/sari-sicak/edebiyat/roman/turkiye-roman/urunno=0000000147957,,29,45.0,361640,Yapý Kredi Yayýnlarý,Yaþar Kemal,1,Ýnce Kapak,8,Türkçe
389,0001899143001,Mutluluk,,/kitap/mutluluk/edebiyat/roman/turkiye-roman/urunno=0001899143001,,30,73.5,1270752,Ýnkýlap Kitabevi,Zülfü Livaneli,1,Ýnce Kapak,8,Türkçe
390,0002016998001,Emare - Sarmaþýk,,/kitap/emare-sarmasik/asli-arslan/edebiyat/roman/turkiye-roman/urunno=0002016998001,,31,90.0,1501468,Ýndigo Kitap,Aslý Arslan,1,Ýnce Kapak,9,Türkçe
391,0000000070728,Sýfýr Noktasýndaki Kadýn,,/kitap/sifir-noktasindaki-kadin/edebiyat/roman/dunya-roman/urunno=0000000070728,,32,40.2,476691,Metis Yayýnlarý,Neval El Seddavi,1,Ýnce Kapak,7,
392,0002007335001,Yarýnýn Adamý Mustafa Kemal'i Anlamak,,/kitap/yarinin-adami-mustafa-kemali-anlamak/con-sinov/edebiyat/biyografi-oto-biyografi/urunno=0002007335001,,33,76.0,1482374,Masa Kitap,Con Sinov,1,Ýnce Kapak,0,Türkçe
393,0000000057711,Yaþamýn Ucuna Yolculuk,,/kitap/yasamin-ucuna-yolculuk/edebiyat/anlati/urunno=0000000057711,,34,24.8,360510,Yapý Kredi Yayýnlarý,Tezer Özlü,1,Ýnce Kapak,8,Türkçe
394,0001870523001,Benjamin Button'ýn Tuhaf Hikayesi-Modern Klasikler 147,,/kitap/benjamin-buttonin-tuhaf-hikayesi-modern-klasikler-147/francis-scott-key-fitzgerald/edebiyat/roman/dunya-klasik/urunno=0001870523001,,35,12.0,1214094,Ýþ Bankasý Kültür Yayýnlarý,F. Scott Fitzgerald,1,Ýnce Kapak,9,Türkçe
395,0001927780001,Balonla Beþ Hafta - Modern Klasikler 174,,/kitap/balonla-bes-hafta-modern-klasikler-174/edebiyat/roman/dunya-klasik/urunno=0001927780001,,36,30.0,1326965,Ýþ Bankasý Kültür Yayýnlarý,Jules Verne,1,Ýnce Kapak,10,Türkçe
396,0000000178603,Benim Hüzünlü Orospularým,,/kitap/benim-huzunlu-orospularim/edebiyat/roman/dunya-roman/urunno=0000000178603,,37,35.4,485284,Can Yayýnlarý,Gabriel Garcia Marquez,1,Ýnce Kapak,7,Türkçe
397,0001893245001,Kitaplarý Kurtaran Kedi,,/kitap/kitaplari-kurtaran-kedi/sosuke-natsukawa/edebiyat/roman/dunya-roman/urunno=0001893245001,,38,57.0,1259194,Turkuvaz Kitap,Sosuke Natsukawa,1,Ýnce Kapak,7,Türkçe
398,0002011140001,Güneþin Ýki Yüzü,,/kitap/gunesin-iki-yuzu/edebiyat/roman/turkiye-roman/urunno=0002011140001,,39,51.0,1489854,Alfa Yayýncýlýk,Bahar Eriþ,1,Ýnce Kapak,10,Türkçe
399,0000000126235,Tante Rosa,,/kitap/tante-rosa/edebiyat/turk-oyku/urunno=0000000126235,,40,37.8,364369,Ýletiþim Yayýnlarý,Sevgi Soysal,1,Ýnce Kapak,7,Türkçe
400,0000000058268,Bir Dinozorun Anýlarý,,/kitap/bir-dinozorun-anilari-clz/edebiyat/turk-gunluk-ani/urunno=0000000058268,,41,51.0,360730,Yapý Kredi Yayýnlarý,Mina Urgan,1,Ýnce Kapak,8,Türkçe
401,0001866531001,Ölüler Konuþamaz,,/kitap/oluler-konusamaz/dilara-keskin/edebiyat/roman/turkiye-roman/urunno=0001866531001,,42,89.4,1205989,Ephesus Yayýnlarý,Dilara Keskin,1,Ciltli,8,Türkçe
402,0000000630549,Kaðýt Ev,,/kitap/kagit-ev/carlos-maria-dominguez/edebiyat/dunya-oyku/urunno=0000000630549,,43,31.2,462731,Jaguar Kitap,Carlos Maria Dominguez,1,Ýnce Kapak,8,Türkçe
403,0002008106001,Böylesi Daha Güzel,,/kitap/boylesi-daha-guzel/debbie-macomber/edebiyat/roman/romantik/urunno=0002008106001,,44,61.1,1483885,Epsilon Yayýnevi,Debbie Macomber,1,Ýnce Kapak,0,Türkçe
404,0001885779001,Küçük Prens - Modern Klasikler 157,,/kitap/kucuk-prens-modern-klasikler-157/antoine-de-saint-exupery/edebiyat/roman/dunya-klasik/urunno=0001885779001,,45,13.2,1244026,Ýþ Bankasý Kültür Yayýnlarý,Antoine de Saint-Exupery,1,Ýnce Kapak,10,Türkçe
405,0001977884001,Esaret Þehrinde Bir Kitapçý,,/kitap/esaret-sehrinde-bir-kitapci/edebiyat/roman/dunya-roman/urunno=0001977884001,,1,63.8,1424503,Arkadya Yayýnlarý,Shari J. Ryan,1,Ýnce Kapak,10,Türkçe
406,0000000267418,Bizim Köy,,/kitap/bizim-koy/mahmut-makal/edebiyat/turk-gunluk-ani/urunno=0000000267418,,2,59.5,467419,Literatür Yayýncýlýk,Mahmut Makal,1,Ýnce Kapak,0,Türkçe
407,0002020074001,Serseri Prens - All Saints Lisesi,,/kitap/serseri-prens-all-saints-lisesi/edebiyat/roman/romantik/urunno=0002020074001,,3,66.7,1507576,Olimpos Yayýnlarý,L.J. Shen,1,Ýnce Kapak,0,Türkçe
408,0000000680598,Kadýnlar,,/kitap/kadinlar/edebiyat/denemeyazin/urunno=0000000680598,,4,49.0,526708,Sel Yayýncýlýk,Eduardo Galeano,1,Ýnce Kapak,0,Türkçe
409,0001956519001,Babamýn Yeri,,/kitap/babamin-yeri/annie-ernaux/edebiyat/roman/dunya-roman/urunno=0001956519001,,5,27.2,1384089,Can Yayýnlarý,Annie Ernaux,1,Ýnce Kapak,0,Türkçe
410,0000000324712,Aforizmalar,,/kitap/aforizmalar/edebiyat/roman/dunya-roman/urunno=0000000324712,,6,13.2,346401,Ýþ Bankasý Kültür Yayýnlarý,Franz Kafka,1,Ýnce Kapak,8,Türkçe
411,0000000129167,Yürümek/Sevgi Soysal Bütün Eserleri,,/kitap/yurumek-sevgi-soysal-butun-eserleri/sevgi-soysal/edebiyat/roman/turkiye-roman/urunno=0000000129167,,7,52.2,365076,Ýletiþim Yayýnlarý,Sevgi Soysal,1,Ýnce Kapak,8,Türkçe
412,0000000077206,Ölümcül Kimlikler,,/kitap/olumcul-kimlikler/edebiyat/denemeyazin/urunno=0000000077206,,8,24.2,476964,Yapý Kredi Yayýnlarý,Amin Maalouf,1,Ýnce Kapak,7,Türkçe
413,0001852483001,Ninatta'nýn Bileziði,,/kitap/ninattanin-bilezigi/edebiyat/roman/polisiye/urunno=0001852483001,,9,28.0,1178620,Yapý Kredi Yayýnlarý,Ahmet Ümit,1,Ýnce Kapak,6,Türkçe
414,0001959775001,Kadýnlar Ülkesi,,/kitap/kadinlar-ulkesi/charlotte-perkins-gilman/edebiyat/roman/dunya-klasik/urunno=0001959775001,,10,24.1,1390973,Ýþ Bankasý Kültür Yayýnlarý,Charlotte Perkins Gilman,1,Ýnce Kapak,10,Türkçe
415,0002016997001,Emare - Pusula,,/kitap/emare-pusula/asli-arslan/edebiyat/roman/turkiye-roman/urunno=0002016997001,,11,75.0,1501466,Ýndigo Kitap,Aslý Arslan,1,Ýnce Kapak,7,Türkçe
416,0001841751001,Bugün Kalan Hayatýmýn Ýlk Günü,,/kitap/bugun-kalan-hayatimin-ýlk-gunu/maud-ankaoua/edebiyat/roman/dunya-roman/urunno=0001841751001,,12,54.0,1158047,Yan Pasaj,Maud Ankaoua,1,Ýnce Kapak,8,Türkçe
417,0001753158001,Dede Korkut Hikayeleri-Kitab-ý Dedem Korkut,,/kitap/dede-korkut-hikayeleri-kitab-ý-dedem-korkut/edebiyat/roman/turk-klasik/urunno=0001753158001,,13,22.8,951165,Ýþ Bankasý Kültür Yayýnlarý,Kolektif,1,Ýnce Kapak,6,Türkçe
418,0000000173499,Kapak Kýzý,,/kitap/kapak-kizi/edebiyat/roman/turkiye-roman/urunno=0000000173499,,14,59.9,514551,Can Yayýnlarý,Ayfer Tunç,1,Ýnce Kapak,7,Türkçe
419,0002016689001,Bize Bir Söz Lazým,,/kitap/bize-yeni-bir-soz-lazim/edebiyat/edebiyat-inceleme/urunno=0002016689001,,15,66.5,1500858,Mundi,Bekir Aðýrdýr,1,Ýnce Kapak,0,Türkçe
420,0002030455001,Güllerin Yýkýmý,,/kitap/gullerin-yikimi/edebiyat/roman/fantastik/urunno=0002030455001,,16,55.1,1526850,Olimpos Yayýnlarý,K. F. Breene,1,Ýnce Kapak,0,Türkçe
421,0002007703001,Yüzyýllýk Yolculuk - Yazarýn Özel Koleksiyonu,,/kitap/yuzyillik-yolculuk-yazarin-ozel-koleksiyonu/edebiyat/roman/turkiye-roman/urunno=0002007703001,,17,58.8,1483077,Edebiyatist,Didem Koç,1,Ýnce Kapak,0,Türkçe
422,0001974670001,Hakan Mengüç Seti - 5 KitapTakým - Defter Hediyeli,,/kitap/hakan-menguc-seti-5-kitaptakim-defter-hediyeli/hakan-menguc/edebiyat/roman/turkiye-roman/urunno=0001974670001,,18,240.0,1418088,Destek Yayýnlarý,Hakan Mengüç,1,Ýnce Kapak,2,Türkçe
423,0002032070001,Aþk Çýkmazý,,/kitap/ask-cikmazi/ali-hazelwood/edebiyat/roman/romantik/urunno=0002032070001,,19,41.3,1530146,Nemesis Kitap,Ali Hazelwood,1,Ýnce Kapak,0,Türkçe
424,0001764988001,Þair Evlenmesi-Türk Edebiyatý Klasikleri 5,,/kitap/sair-evlenmesi-turk-edebiyati-klasikleri-5/sinasi/edebiyat/roman/turk-klasik/urunno=0001764988001,,20,12.0,967941,Ýþ Bankasý Kültür Yayýnlarý,Þinasi,1,Ýnce Kapak,9,
425,0002015992001,Nasýl Koydum Ama Seni Ýnsan Yerine!,,/kitap/nasil-koydum-ama-seni-insan-yerine/tuba-ezici/edebiyat/deneme-yazin/urunno=0002015992001,,21,37.2,1499378,Ýndigo Kitap,Tuba Ezici,1,Ýnce Kapak,8,Türkçe
426,0000000720264,Ben Robot,,/kitap/ben-robot/edebiyat/roman/bilim-kurgu/urunno=0000000720264,,22,51.0,598932,Ýthaki Yayýnlarý,Isaac Asimov,1,Ýnce Kapak,9,Türkçe
427,0001950220002,Kar Tanesi,,/kitap/kar-tanesi/beyza-alkoc/edebiyat/roman/romantik/urunno=0001950220002,,23,78.0,1371801,Ýndigo Kitap,Beyza Alkoç,1,Ciltli,8,Türkçe
428,0002025852001,Benim Küçük Sýrrým - 3,,/kitap/benim-kucuk-sirrim-3/dilara-keskin/edebiyat/roman/turkiye-roman/urunno=0002025852001,,24,79.2,1518913,Ephesus Yayýnlarý,Dilara Keskin,1,Ýnce Kapak,0,Türkçe
429,0000000624702,Kafamda Bir Tuhaflýk,,/kitap/kafamda-bir-tuhaflik/edebiyat/roman/turkiye-roman/urunno=0000000624702,,25,69.0,298722,Yapý Kredi Yayýnlarý,Orhan Pamuk,1,Ýnce Kapak,7,Türkçe
430,0001769139001,Küçük Þeyler,,/kitap/kucuk-seyler/edebiyat/roman/turk-klasik/urunno=0001769139001,,26,13.2,975990,Ýþ Bankasý Kültür Yayýnlarý,Samipaþazade Sezai,1,Ýnce Kapak,6,
431,0001975703001,Güzel Dünya Neredesin?,,/kitap/guzel-dunya-neredesin/sally-rooney/edebiyat/roman/dunya-roman/urunno=0001975703001,,27,78.2,1419956,Can Yayýnlarý,Sally Rooney,1,Ýnce Kapak,10,Türkçe
432,0001846446001,Sis ve Gece,,/kitap/sis-ve-gece/ahmet-umit/edebiyat/roman/polisiye/urunno=0001846446001,,28,51.0,1166552,Yapý Kredi Yayýnlarý,Ahmet Ümit,1,Ýnce Kapak,8,Türkçe
433,0001904377001,Totem ve Tabu - Hasan Ali Yücel Klasikler,,/kitap/totem-ve-tabu-hasan-ali-yucel-klasikler/edebiyat/roman/dunya-klasik/urunno=0001904377001,,29,24.0,1281304,Ýþ Bankasý Kültür Yayýnlarý,Sigmund Freud,1,Ýnce Kapak,0,Türkçe
434,0002002169001,Sobe,,/kitap/sobe/edebiyat/roman/polisiye/urunno=0002002169001,,30,74.9,1471324,Martý Yayýnlarý,N.G Kabal,1,Ýnce Kapak,8,Türkçe
435,0001860148001,Tembellik Hakký-Hasan Ali Yücel Klasikler,,/kitap/tembellik-hakki-hasan-ali-yucel-klasikler/edebiyat/roman/dunya-klasik/urunno=0001860148001,,31,9.6,1193700,Ýþ Bankasý Kültür Yayýnlarý,Paul Lafargue,1,Ýnce Kapak,3,Türkçe
436,0002009321001,Miras Oyunlarý,,/kitap/miras-oyunlari/edebiyat/roman/dunya-roman/urunno=0002009321001,,32,88.7,1486107,Epsilon Yayýnevi,Jennifer Lynn Barnes,1,Ýnce Kapak,0,Türkçe
437,0001959814001,Ne Yaptýðýný Biliyorum,,/kitap/ne-yaptigini-biliyorum/alice-feeney/edebiyat/roman/polisiye/urunno=0001959814001,,33,60.0,1390853,Yabancý,Alice Feeney,1,Ýnce Kapak,10,Türkçe
438,0001841647001,Bu Kitabý Sakýn Okuma!,,/kitap/bu-kitabi-sakin-okuma/edebiyat/deneme-yazin/urunno=0001841647001,,34,43.0,1157833,Hayykitap,Mehmet Yýldýz,1,Ýnce Kapak,7,Türkçe
439,0001932731001,Kendine Ait Bir Oda,,/kitap/kendine-ait-bir-oda/edebiyat/roman/dunya-roman/urunno=0001932731001,,35,21.1,1336953,Can Yayýnlarý,Virginia Woolf,1,Ýnce Kapak,0,Türkçe
440,0001902251001,Arayýþ - Mehmet'in Hikayesi,,/kitap/arayis-mehmetin-hikayesi/edebiyat/roman/turkiye-roman/urunno=0001902251001,,36,52.5,1276945,Timaþ Yayýnlarý,Mehmet Yýldýz,1,Ýnce Kapak,8,Türkçe
441,0000000067955,Huzur Sokaðý,,/kitap/huzur-sokagi/edebiyat/roman/turkiye-roman/urunno=0000000067955,,37,87.5,423765,Timaþ Yayýnlarý,Þule Yüksel Þenler,1,Ýnce Kapak,5,Türkçe
442,0001788063001,Genç Werther'in Acýlarý,,/kitap/genc-wertherin-acilari/edebiyat/roman/dunya-klasik/urunno=0001788063001,,38,21.8,1006828,Can Yayýnlarý,Johann Wolfgang Von Goethe,1,Ýnce Kapak,8,
443,0000000662978,Dune,,/kitap/dune/edebiyat/roman/bilim-kurgu/urunno=0000000662978,,39,108.0,505799,Ýthaki Yayýnlarý,Frank Herbert,1,Ýnce Kapak,8,Türkçe
444,0000000057163,Yüzüklerin Efendisi - I - Yüzük Kardeþliði,,/kitap/yuzuklerin-efendisi-ý-yuzuk-kardesligi/edebiyat/roman/fantastik/urunno=0000000057163,,40,137.3,365531,Metis Yayýnlarý,J. R. R. Tolkien,1,Ýnce Kapak,9,Türkçe
445,0000000720708,Karantina,,/kitap/karantina/edebiyat/roman/turkiye-roman/urunno=0000000720708,,41,78.0,600084,Ýndigo Kitap,Beyza Alkoç,1,Ciltli,8,Türkçe
446,0002002233001,Çeyiz,,/kitap/ceyiz/hatice-kubra-tongar/edebiyat/turk-oyku/urunno=0002002233001,,42,51.0,1471454,Hayykitap,Hatice Kübra Tongar,1,Ýnce Kapak,4,Türkçe
447,0002023919001,Kayýp Ruhlar Duraðý,,/kitap/kayip-ruhlar-duragi/edebiyat/roman/dunya-roman/urunno=0002023919001,,43,68.3,1515145,Arkadya Yayýnlarý,Ellen Marie Wiseman,1,Ýnce Kapak,0,Türkçe
448,0000000068234,Mülksüzler,,/kitap/mulksuzler/edebiyat/roman/bilim-kurgu/urunno=0000000068234,,44,94.9,441970,Metis Yayýnlarý,Ursula K. Le Guin,1,Ýnce Kapak,8,
449,0000000147916,Bir Ada Hikayesi 3 - Tanyeri Horozlarý,,/kitap/bir-ada-hikayesi-3-tanyeri-horozlari/edebiyat/roman/turkiye-roman/urunno=0000000147916,,45,75.0,377041,Yapý Kredi Yayýnlarý,Yaþar Kemal,1,Ýnce Kapak,8,Türkçe
